Date,Close,Prediction
2013-04-29 23:59:59,150.39,158.61
2013-04-30 23:59:59,152.94,159.92
2013-05-01 23:59:59,155.81,159.12
2013-05-02 23:59:59,157.18,159.36
2013-05-03 23:59:59,158.04,160.7
2013-05-04 23:59:59,157.1,160.63
2013-05-05 23:59:59,157.78,159.84
2013-05-06 23:59:59,157.48,161.72
2013-05-07 23:59:59,157.12,160.17
2013-05-08 23:59:59,155.81,159.45
2013-05-09 23:59:59,157.12,158.54
2013-05-10 23:59:59,156.57,157.57
2013-05-11 23:59:59,156.46,156.71
2013-05-12 23:59:59,157.45,156.57
2013-05-13 23:59:59,157.69,158.31
2013-05-14 23:59:59,159.05,156.54
2013-05-15 23:59:59,158.77,157.03
2013-05-16 23:59:59,159.84,157.59
2013-05-17 23:59:59,160.21,158.12
2013-05-18 23:59:59,160.91,158.61
2013-05-19 23:59:59,159.97,158.32
2013-05-20 23:59:59,160.62,157.92
2013-05-21 23:59:59,160.27,157.69
2013-05-22 23:59:59,158.5,156.67
2013-05-23 23:59:59,157.12,156.97
2013-05-24 23:59:59,158.61,157.9
2013-05-25 23:59:59,159.92,157.37
2013-05-26 23:59:59,159.12,156.62
2013-05-27 23:59:59,159.36,155.16
2013-05-28 23:59:59,160.7,154.06
2013-05-29 23:59:59,160.63,154.11
2013-05-30 23:59:59,159.84,154.06
2013-05-31 23:59:59,161.72,154.55
2013-06-01 23:59:59,160.17,153.51
2013-06-02 23:59:59,159.45,151.45
2013-06-03 23:59:59,158.54,153.46
2013-06-04 23:59:59,157.57,156.2
2013-06-05 23:59:59,156.71,153.86
2013-06-06 23:59:59,156.57,151.51
2013-06-07 23:59:59,158.31,152.43
2013-06-08 23:59:59,156.54,152.57
2013-06-09 23:59:59,157.03,153.3
2013-06-10 23:59:59,157.59,152.64
2013-06-11 23:59:59,158.12,153.59
2013-06-12 23:59:59,158.61,152.59
2013-06-13 23:59:59,158.32,153.76
2013-06-14 23:59:59,157.92,153.73
2013-06-15 23:59:59,157.69,153.5
2013-06-16 23:59:59,156.67,158.56
2013-06-17 23:59:59,156.97,161.99
2013-06-18 23:59:59,157.9,164.09
2013-06-19 23:59:59,157.37,164.06
2013-06-20 23:59:59,156.62,164.14
2013-06-21 23:59:59,155.16,162.99
2013-06-22 23:59:59,154.06,163.41
2013-06-23 23:59:59,154.11,164.29
2013-06-24 23:59:59,154.06,162.44
2013-06-25 23:59:59,154.55,160.72
2013-06-26 23:59:59,153.51,160.47
2013-06-27 23:59:59,151.45,160.06
2013-06-28 23:59:59,153.46,158.76
2013-06-29 23:59:59,156.2,157.8
2013-06-30 23:59:59,153.86,158.32
2013-07-01 23:59:59,151.51,157.5
2013-07-02 23:59:59,152.43,157.27
2013-07-03 23:59:59,152.57,157.07
2013-07-04 23:59:59,153.3,157.65
2013-07-05 23:59:59,152.64,156.8
2013-07-06 23:59:59,153.59,156.25
2013-07-07 23:59:59,152.59,157.13
2013-07-08 23:59:59,153.76,157.54
2013-07-09 23:59:59,153.73,157.89
2013-07-10 23:59:59,153.5,158.66
2013-07-11 23:59:59,158.56,158.2
2013-07-12 23:59:59,161.99,157.38
2013-07-13 23:59:59,164.09,155.02
2013-07-14 23:59:59,164.06,155.99
2013-07-15 23:59:59,164.14,157.41
2013-07-16 23:59:59,162.99,156.0
2013-07-17 23:59:59,163.41,156.13
2013-07-18 23:59:59,164.29,158.0
2013-07-19 23:59:59,162.44,156.94
2013-07-20 23:59:59,160.72,158.56
2013-07-21 23:59:59,160.47,159.13
2013-07-22 23:59:59,160.06,159.27
2013-07-23 23:59:59,158.76,157.31
2013-07-24 23:59:59,157.8,158.68
2013-07-25 23:59:59,158.32,158.76
2013-07-26 23:59:59,157.5,158.97
2013-07-27 23:59:59,157.27,160.75
2013-07-28 23:59:59,157.07,161.14
2013-07-29 23:59:59,157.65,160.42
2013-07-30 23:59:59,156.8,160.38
2013-07-31 23:59:59,156.25,160.01
2013-08-01 23:59:59,157.13,160.35
2013-08-02 23:59:59,157.54,159.84
2013-08-03 23:59:59,157.89,158.26
2013-08-04 23:59:59,158.66,158.39
2013-08-05 23:59:59,158.2,158.59
2013-08-06 23:59:59,157.38,159.31
2013-08-07 23:59:59,155.02,158.33
2013-08-08 23:59:59,155.99,157.95
2013-08-09 23:59:59,157.41,157.53
2013-08-10 23:59:59,156.0,156.72
2013-08-11 23:59:59,156.13,153.52
2013-08-12 23:59:59,158.0,157.85
2013-08-13 23:59:59,156.94,158.58
2013-08-14 23:59:59,158.56,158.7
2013-08-15 23:59:59,159.13,158.21
2013-08-16 23:59:59,159.27,158.99
2013-08-17 23:59:59,157.31,158.26
2013-08-18 23:59:59,158.68,157.88
2013-08-19 23:59:59,158.76,158.35
2013-08-20 23:59:59,158.97,160.74
2013-08-21 23:59:59,160.75,160.99
2013-08-22 23:59:59,161.14,163.53
2013-08-23 23:59:59,160.42,163.71
2013-08-24 23:59:59,160.38,168.25
2013-08-25 23:59:59,160.01,169.34
2013-08-26 23:59:59,160.35,170.01
2013-08-27 23:59:59,159.84,171.16
2013-08-28 23:59:59,158.26,171.16
2013-08-29 23:59:59,158.39,170.73
2013-08-30 23:59:59,158.59,170.51
2013-08-31 23:59:59,159.31,169.47
2013-09-01 23:59:59,158.33,168.8
2013-09-02 23:59:59,157.95,170.35
2013-09-03 23:59:59,157.53,169.96
2013-09-04 23:59:59,156.72,170.22
2013-09-05 23:59:59,153.52,171.27
2013-09-06 23:59:59,157.85,171.75
2013-09-07 23:59:59,158.58,170.95
2013-09-08 23:59:59,158.7,168.14
2013-09-09 23:59:59,158.21,171.28
2013-09-10 23:59:59,158.99,170.84
2013-09-11 23:59:59,158.26,172.81
2013-09-12 23:59:59,157.88,172.66
2013-09-13 23:59:59,158.35,171.25
2013-09-14 23:59:59,160.74,170.89
2013-09-15 23:59:59,160.99,170.06
2013-09-16 23:59:59,163.53,170.44
2013-09-17 23:59:59,163.71,171.53
2013-09-18 23:59:59,168.25,171.07
2013-09-19 23:59:59,169.34,172.91
2013-09-20 23:59:59,170.01,173.48
2013-09-21 23:59:59,171.16,173.0
2013-09-22 23:59:59,171.16,171.96
2013-09-23 23:59:59,170.73,172.35
2013-09-24 23:59:59,170.51,170.75
2013-09-25 23:59:59,169.47,171.03
2013-09-26 23:59:59,168.8,170.77
2013-09-27 23:59:59,170.35,170.71
2013-09-28 23:59:59,169.96,169.17
2013-09-29 23:59:59,170.22,168.49
2013-09-30 23:59:59,171.27,166.87
2013-10-01 23:59:59,171.75,168.97
2013-10-02 23:59:59,170.95,168.85
2013-10-03 23:59:59,168.14,167.47
2013-10-04 23:59:59,171.28,169.17
2013-10-05 23:59:59,170.84,168.85
2013-10-06 23:59:59,172.81,170.36
2013-10-07 23:59:59,172.66,169.93
2013-10-08 23:59:59,171.25,174.16
2013-10-09 23:59:59,170.89,172.61
2013-10-10 23:59:59,170.06,172.21
2013-10-11 23:59:59,170.44,168.89
2013-10-12 23:59:59,171.53,164.32
2013-10-13 23:59:59,171.07,164.67
2013-10-14 23:59:59,172.91,164.7
2013-10-15 23:59:59,173.48,166.52
2013-10-16 23:59:59,173.0,167.54
2013-10-17 23:59:59,171.96,164.11
2013-10-18 23:59:59,172.35,169.24
2013-10-19 23:59:59,170.75,169.85
2013-10-20 23:59:59,171.03,172.34
2013-10-21 23:59:59,170.77,173.24
2013-10-22 23:59:59,170.71,169.51
2013-10-23 23:59:59,169.17,168.64
2013-10-24 23:59:59,168.49,171.5
2013-10-25 23:59:59,166.87,170.8
2013-10-26 23:59:59,168.97,172.94
2013-10-27 23:59:59,168.85,174.87
2013-10-28 23:59:59,167.47,174.17
2013-10-29 23:59:59,169.17,173.2
2013-10-30 23:59:59,168.85,174.04
2013-10-31 23:59:59,170.36,171.0
2013-11-01 23:59:59,169.93,170.42
2013-11-02 23:59:59,174.16,169.5
2013-11-03 23:59:59,172.61,171.24
2013-11-04 23:59:59,172.21,170.1
2013-11-05 23:59:59,168.89,169.97
2013-11-06 23:59:59,164.32,172.0
2013-11-07 23:59:59,164.67,171.49
2013-11-08 23:59:59,164.7,165.94
2013-11-09 23:59:59,166.52,166.23
2013-11-10 23:59:59,167.54,164.07
2013-11-11 23:59:59,164.11,165.4
2013-11-12 23:59:59,169.24,166.3
2013-11-13 23:59:59,169.85,166.28
2013-11-14 23:59:59,172.34,163.93
2013-11-15 23:59:59,173.24,161.61
2013-11-16 23:59:59,169.51,156.37
2013-11-17 23:59:59,168.64,156.18
2013-11-18 23:59:59,171.5,156.43
2013-11-19 23:59:59,170.8,154.51
2013-11-20 23:59:59,172.94,153.32
2013-11-21 23:59:59,174.87,154.69
2013-11-22 23:59:59,174.17,150.2
2013-11-23 23:59:59,173.2,149.68
2013-11-24 23:59:59,174.04,150.3
2013-11-25 23:59:59,171.0,148.99
2013-11-26 23:59:59,170.42,148.28
2013-11-27 23:59:59,169.5,144.21
2013-11-28 23:59:59,171.24,143.91
2013-11-29 23:59:59,170.1,144.31
2013-11-30 23:59:59,169.97,144.77
2013-12-01 23:59:59,172.0,143.04
2013-12-02 23:59:59,171.49,143.51
2013-12-03 23:59:59,165.94,142.81
2013-12-04 23:59:59,166.23,142.52
2013-12-05 23:59:59,164.07,143.5
2013-12-06 23:59:59,165.4,143.17
2013-12-07 23:59:59,166.3,143.34
2013-12-08 23:59:59,166.28,142.86
2013-12-09 23:59:59,163.93,144.05
2013-12-10 23:59:59,161.61,143.45
2013-12-11 23:59:59,156.37,143.92
2013-12-12 23:59:59,156.18,143.64
2013-12-13 23:59:59,156.43,143.14
2013-12-14 23:59:59,154.51,142.19
2013-12-15 23:59:59,153.32,142.76
2013-12-16 23:59:59,154.69,142.96
2013-12-17 23:59:59,150.2,142.81
2013-12-18 23:59:59,149.68,143.24
2013-12-19 23:59:59,150.3,143.05
2013-12-20 23:59:59,148.99,143.42
2013-12-21 23:59:59,148.28,144.27
2013-12-22 23:59:59,144.21,144.69
2013-12-23 23:59:59,143.91,145.2
2013-12-24 23:59:59,144.31,144.96
2013-12-25 23:59:59,144.77,144.73
2013-12-26 23:59:59,143.04,144.47
2013-12-27 23:59:59,143.51,144.57
2013-12-28 23:59:59,142.81,144.0
2013-12-29 23:59:59,142.52,143.27
2013-12-30 23:59:59,143.5,143.34
2013-12-31 23:59:59,143.17,143.76
2014-01-01 23:59:59,143.34,144.02
2014-01-02 23:59:59,142.86,142.66
2014-01-03 23:59:59,144.05,142.02
2014-01-04 23:59:59,143.45,142.06
2014-01-05 23:59:59,143.92,141.46
2014-01-06 23:59:59,143.64,140.94
2014-01-07 23:59:59,143.14,144.07
2014-01-08 23:59:59,142.19,143.76
2014-01-09 23:59:59,142.76,142.26
2014-01-10 23:59:59,142.96,141.06
2014-01-11 23:59:59,142.81,140.96
2014-01-12 23:59:59,143.24,140.46
2014-01-13 23:59:59,143.05,140.59
2014-01-14 23:59:59,143.42,140.18
2014-01-15 23:59:59,144.27,140.04
2014-01-16 23:59:59,144.69,141.68
2014-01-17 23:59:59,145.2,141.14
2014-01-18 23:59:59,144.96,141.46
2014-01-19 23:59:59,144.73,142.0
2014-01-20 23:59:59,144.47,141.37
2014-01-21 23:59:59,144.57,140.39
2014-01-22 23:59:59,144.0,142.47
2014-01-23 23:59:59,143.27,141.65
2014-01-24 23:59:59,143.34,140.77
2014-01-25 23:59:59,143.76,141.16
2014-01-26 23:59:59,144.02,141.74
2014-01-27 23:59:59,142.66,141.82
2014-01-28 23:59:59,142.02,143.5
2014-01-29 23:59:59,142.06,144.87
2014-01-30 23:59:59,141.46,146.46
2014-01-31 23:59:59,140.94,146.31
2014-02-01 23:59:59,144.07,145.54
2014-02-02 23:59:59,143.76,144.23
2014-02-03 23:59:59,142.26,144.72
2014-02-04 23:59:59,141.06,142.33
2014-02-05 23:59:59,140.96,141.8
2014-02-06 23:59:59,140.46,141.78
2014-02-07 23:59:59,140.59,141.72
2014-02-08 23:59:59,140.18,142.21
2014-02-09 23:59:59,140.04,142.33
2014-02-10 23:59:59,141.68,141.04
2014-02-11 23:59:59,141.14,141.56
2014-02-12 23:59:59,141.46,142.64
2014-02-13 23:59:59,142.0,142.67
2014-02-14 23:59:59,141.37,140.6
2014-02-15 23:59:59,140.39,141.04
2014-02-16 23:59:59,142.47,140.67
2014-02-17 23:59:59,141.65,145.6
2014-02-18 23:59:59,140.77,143.83
2014-02-19 23:59:59,141.16,139.34
2014-02-20 23:59:59,141.74,139.4
2014-02-21 23:59:59,141.82,136.58
2014-02-22 23:59:59,143.5,137.48
2014-02-23 23:59:59,144.87,137.97
2014-02-24 23:59:59,146.46,137.47
2014-02-25 23:59:59,146.31,137.36
2014-02-26 23:59:59,145.54,137.55
2014-02-27 23:59:59,144.23,137.71
2014-02-28 23:59:59,144.72,137.49
2014-03-01 23:59:59,142.33,136.41
2014-03-02 23:59:59,141.8,136.38
2014-03-03 23:59:59,141.78,136.6
2014-03-04 23:59:59,141.72,136.51
2014-03-05 23:59:59,142.21,135.65
2014-03-06 23:59:59,142.33,136.57
2014-03-07 23:59:59,141.04,136.0
2014-03-08 23:59:59,141.56,133.77
2014-03-09 23:59:59,142.64,132.17
2014-03-10 23:59:59,142.67,132.39
2014-03-11 23:59:59,140.6,130.14
2014-03-12 23:59:59,141.04,129.7
2014-03-13 23:59:59,140.67,129.77
2014-03-14 23:59:59,145.6,129.63
2014-03-15 23:59:59,143.83,131.4
2014-03-16 23:59:59,139.34,131.69
2014-03-17 23:59:59,139.4,130.93
2014-03-18 23:59:59,136.58,131.64
2014-03-19 23:59:59,137.48,132.39
2014-03-20 23:59:59,137.97,132.1
2014-03-21 23:59:59,137.47,132.29
2014-03-22 23:59:59,137.36,132.25
2014-03-23 23:59:59,137.55,132.6
2014-03-24 23:59:59,137.71,132.45
2014-03-25 23:59:59,137.49,132.16
2014-03-26 23:59:59,136.41,132.91
2014-03-27 23:59:59,136.38,132.92
2014-03-28 23:59:59,136.6,132.47
2014-03-29 23:59:59,136.51,131.8
2014-03-30 23:59:59,135.65,132.19
2014-03-31 23:59:59,136.57,133.42
2014-04-01 23:59:59,136.0,134.02
2014-04-02 23:59:59,133.77,134.58
2014-04-03 23:59:59,132.17,134.92
2014-04-04 23:59:59,132.39,133.49
2014-04-05 23:59:59,130.14,133.19
2014-04-06 23:59:59,129.7,133.05
2014-04-07 23:59:59,129.77,132.55
2014-04-08 23:59:59,129.63,132.96
2014-04-09 23:59:59,131.4,133.16
2014-04-10 23:59:59,131.69,132.5
2014-04-11 23:59:59,130.93,132.63
2014-04-12 23:59:59,131.64,132.16
2014-04-13 23:59:59,132.39,132.46
2014-04-14 23:59:59,132.1,132.35
2014-04-15 23:59:59,132.29,133.35
2014-04-16 23:59:59,132.25,132.07
2014-04-17 23:59:59,132.6,132.3
2014-04-18 23:59:59,132.45,131.72
2014-04-19 23:59:59,132.16,130.8
2014-04-20 23:59:59,132.91,132.51
2014-04-21 23:59:59,132.92,133.21
2014-04-22 23:59:59,132.47,134.27
2014-04-23 23:59:59,131.8,132.7
2014-04-24 23:59:59,132.19,132.36
2014-04-25 23:59:59,133.42,133.73
2014-04-26 23:59:59,134.02,134.36
2014-04-27 23:59:59,134.58,134.15
2014-04-28 23:59:59,134.92,132.35
2014-04-29 23:59:59,133.49,132.4
2014-04-30 23:59:59,133.19,132.71
2014-05-01 23:59:59,133.05,133.32
2014-05-02 23:59:59,132.55,132.31
2014-05-03 23:59:59,132.96,132.13
2014-05-04 23:59:59,133.16,132.02
2014-05-05 23:59:59,132.5,132.5
2014-05-06 23:59:59,132.63,134.01
2014-05-07 23:59:59,132.16,131.6
2014-05-08 23:59:59,132.46,130.56
2014-05-09 23:59:59,132.35,131.0
2014-05-10 23:59:59,133.35,130.4
2014-05-11 23:59:59,132.07,129.94
2014-05-12 23:59:59,132.3,129.85
2014-05-13 23:59:59,131.72,127.51
2014-05-14 23:59:59,130.8,126.97
2014-05-15 23:59:59,132.51,126.72
2014-05-16 23:59:59,133.21,125.93
2014-05-17 23:59:59,134.27,125.7
2014-05-18 23:59:59,132.7,124.5
2014-05-19 23:59:59,132.36,125.6
2014-05-20 23:59:59,133.73,125.0
2014-05-21 23:59:59,134.36,125.76
2014-05-22 23:59:59,134.15,125.12
2014-05-23 23:59:59,132.35,126.99
2014-05-24 23:59:59,132.4,128.47
2014-05-25 23:59:59,132.71,128.1
2014-05-26 23:59:59,133.32,129.03
2014-05-27 23:59:59,132.31,129.31
2014-05-28 23:59:59,132.13,128.63
2014-05-29 23:59:59,132.02,128.61
2014-05-30 23:59:59,132.5,129.14
2014-05-31 23:59:59,134.01,130.2
2014-06-01 23:59:59,131.6,128.6
2014-06-02 23:59:59,130.56,129.26
2014-06-03 23:59:59,131.0,129.61
2014-06-04 23:59:59,130.4,129.57
2014-06-05 23:59:59,129.94,129.78
2014-06-06 23:59:59,129.85,130.33
2014-06-07 23:59:59,127.51,130.44
2014-06-08 23:59:59,126.97,130.06
2014-06-09 23:59:59,126.72,130.26
2014-06-10 23:59:59,125.93,130.7
2014-06-11 23:59:59,125.7,131.27
2014-06-12 23:59:59,124.5,131.18
2014-06-13 23:59:59,125.6,131.1
2014-06-14 23:59:59,125.0,131.0
2014-06-15 23:59:59,125.76,129.0
2014-06-16 23:59:59,125.12,127.79
2014-06-17 23:59:59,126.99,125.38
2014-06-18 23:59:59,128.47,128.7
2014-06-19 23:59:59,128.1,128.55
2014-06-20 23:59:59,129.03,129.44
2014-06-21 23:59:59,129.31,128.31
2014-06-22 23:59:59,128.63,128.55
2014-06-23 23:59:59,128.61,128.23
2014-06-24 23:59:59,129.14,129.08
2014-06-25 23:59:59,130.2,129.36
2014-06-26 23:59:59,128.6,129.29
2014-06-27 23:59:59,129.26,128.63
2014-06-28 23:59:59,129.61,128.06
2014-06-29 23:59:59,129.57,128.06
2014-06-30 23:59:59,129.78,128.29
2014-07-01 23:59:59,130.33,126.29
2014-07-02 23:59:59,130.44,129.08
2014-07-03 23:59:59,130.06,129.28
2014-07-04 23:59:59,130.26,130.55
2014-07-05 23:59:59,130.7,131.79
2014-07-06 23:59:59,131.27,137.13
2014-07-07 23:59:59,131.18,137.61
2014-07-08 23:59:59,131.1,137.37
2014-07-09 23:59:59,131.0,136.95
2014-07-10 23:59:59,129.0,137.12
2014-07-11 23:59:59,127.79,136.52
2014-07-12 23:59:59,125.38,136.42
2014-07-13 23:59:59,128.7,136.33
2014-07-14 23:59:59,128.55,135.59
2014-07-15 23:59:59,129.44,135.14
2014-07-16 23:59:59,128.31,135.68
2014-07-17 23:59:59,128.55,136.52
2014-07-18 23:59:59,128.23,136.54
2014-07-19 23:59:59,129.08,136.25
2014-07-20 23:59:59,129.36,136.99
2014-07-21 23:59:59,129.29,138.14
2014-07-22 23:59:59,128.63,137.27
2014-07-23 23:59:59,128.06,137.22
2014-07-24 23:59:59,128.06,138.9
2014-07-25 23:59:59,128.29,139.77
2014-07-26 23:59:59,126.29,139.2
2014-07-27 23:59:59,129.08,139.4
2014-07-28 23:59:59,129.28,139.62
2014-07-29 23:59:59,130.55,136.55
2014-07-30 23:59:59,131.79,136.55
2014-07-31 23:59:59,137.13,136.35
2014-08-01 23:59:59,137.61,136.91
2014-08-02 23:59:59,137.37,135.36
2014-08-03 23:59:59,136.95,135.21
2014-08-04 23:59:59,137.12,134.81
2014-08-05 23:59:59,136.52,135.1
2014-08-06 23:59:59,136.42,134.87
2014-08-07 23:59:59,136.33,134.68
2014-08-08 23:59:59,135.59,135.43
2014-08-09 23:59:59,135.14,134.82
2014-08-10 23:59:59,135.68,134.82
2014-08-11 23:59:59,136.52,135.39
2014-08-12 23:59:59,136.54,135.38
2014-08-13 23:59:59,136.25,135.36
2014-08-14 23:59:59,136.99,135.15
2014-08-15 23:59:59,138.14,135.51
2014-08-16 23:59:59,137.27,135.23
2014-08-17 23:59:59,137.22,137.83
2014-08-18 23:59:59,138.9,137.67
2014-08-19 23:59:59,139.77,136.45
2014-08-20 23:59:59,139.2,136.37
2014-08-21 23:59:59,139.4,137.61
2014-08-22 23:59:59,139.62,136.35
2014-08-23 23:59:59,136.55,136.26
2014-08-24 23:59:59,136.55,134.36
2014-08-25 23:59:59,136.35,135.85
2014-08-26 23:59:59,136.91,135.9
2014-08-27 23:59:59,135.36,136.53
2014-08-28 23:59:59,135.21,136.28
2014-08-29 23:59:59,134.81,136.39
2014-08-30 23:59:59,135.1,135.95
2014-08-31 23:59:59,134.87,136.05
2014-09-01 23:59:59,134.68,134.7
2014-09-02 23:59:59,135.43,135.59
2014-09-03 23:59:59,134.82,134.47
2014-09-04 23:59:59,134.82,136.29
2014-09-05 23:59:59,135.39,140.88
2014-09-06 23:59:59,135.38,140.37
2014-09-07 23:59:59,135.36,138.56
2014-09-08 23:59:59,135.15,138.94
2014-09-09 23:59:59,135.51,139.06
2014-09-10 23:59:59,135.23,137.31
2014-09-11 23:59:59,137.83,136.25
2014-09-12 23:59:59,137.67,137.86
2014-09-13 23:59:59,136.45,138.14
2014-09-14 23:59:59,136.37,139.99
2014-09-15 23:59:59,137.61,139.14
2014-09-16 23:59:59,136.35,139.92
2014-09-17 23:59:59,136.26,138.35
2014-09-18 23:59:59,134.36,139.9
2014-09-19 23:59:59,135.85,139.85
2014-09-20 23:59:59,135.9,137.19
2014-09-21 23:59:59,136.53,137.25
2014-09-22 23:59:59,136.28,136.47
2014-09-23 23:59:59,136.39,136.52
2014-09-24 23:59:59,135.95,137.99
2014-09-25 23:59:59,136.05,138.5
2014-09-26 23:59:59,134.7,139.0
2014-09-27 23:59:59,135.59,141.09
2014-09-28 23:59:59,134.47,140.87
2014-09-29 23:59:59,136.29,140.93
2014-09-30 23:59:59,140.88,141.09
2014-10-01 23:59:59,140.37,136.36
2014-10-02 23:59:59,138.56,136.15
2014-10-03 23:59:59,138.94,134.14
2014-10-04 23:59:59,139.06,133.68
2014-10-05 23:59:59,137.31,134.71
2014-10-06 23:59:59,136.25,136.8
2014-10-07 23:59:59,137.86,135.48
2014-10-08 23:59:59,138.14,135.43
2014-10-09 23:59:59,139.99,136.64
2014-10-10 23:59:59,139.14,133.33
2014-10-11 23:59:59,139.92,132.46
2014-10-12 23:59:59,138.35,132.49
2014-10-13 23:59:59,139.9,130.64
2014-10-14 23:59:59,139.85,130.09
2014-10-15 23:59:59,137.19,130.5
2014-10-16 23:59:59,137.25,132.92
2014-10-17 23:59:59,136.47,129.66
2014-10-18 23:59:59,136.52,129.86
2014-10-19 23:59:59,137.99,131.75
2014-10-20 23:59:59,138.5,133.02
2014-10-21 23:59:59,139.0,122.67
2014-10-22 23:59:59,141.09,123.7
2014-10-23 23:59:59,140.87,122.3
2014-10-24 23:59:59,140.93,121.89
2014-10-25 23:59:59,141.09,124.13
2014-10-26 23:59:59,136.36,125.39
2014-10-27 23:59:59,136.15,124.57
2014-10-28 23:59:59,134.14,125.0
2014-10-29 23:59:59,133.68,125.14
2014-10-30 23:59:59,134.71,124.24
2014-10-31 23:59:59,136.8,123.73
2014-11-01 23:59:59,135.48,124.35
2014-11-02 23:59:59,135.43,122.63
2014-11-03 23:59:59,136.64,123.38
2014-11-04 23:59:59,133.33,127.34
2014-11-05 23:59:59,132.46,124.23
2014-11-06 23:59:59,132.49,123.92
2014-11-07 23:59:59,130.64,126.41
2014-11-08 23:59:59,130.09,125.86
2014-11-09 23:59:59,130.5,126.73
2014-11-10 23:59:59,132.92,128.27
2014-11-11 23:59:59,129.66,128.85
2014-11-12 23:59:59,129.86,129.43
2014-11-13 23:59:59,131.75,128.41
2014-11-14 23:59:59,133.02,130.88
2014-11-15 23:59:59,122.67,133.22
2014-11-16 23:59:59,123.7,134.28
2014-11-17 23:59:59,122.3,132.49
2014-11-18 23:59:59,121.89,134.8
2014-11-19 23:59:59,124.13,134.82
2014-11-20 23:59:59,125.39,136.27
2014-11-21 23:59:59,124.57,135.29
2014-11-22 23:59:59,125.0,135.95
2014-11-23 23:59:59,125.14,134.14
2014-11-24 23:59:59,124.24,134.77
2014-11-25 23:59:59,123.73,132.56
2014-11-26 23:59:59,124.35,132.46
2014-11-27 23:59:59,122.63,132.78
2014-11-28 23:59:59,123.38,132.89
2014-11-29 23:59:59,127.34,135.74
2014-11-30 23:59:59,124.23,132.87
2014-12-01 23:59:59,123.92,132.47
2014-12-02 23:59:59,126.41,128.93
2014-12-03 23:59:59,125.86,131.02
2014-12-04 23:59:59,126.73,133.06
2014-12-05 23:59:59,128.27,131.55
2014-12-06 23:59:59,128.85,131.81
2014-12-07 23:59:59,129.43,130.63
2014-12-08 23:59:59,128.41,129.98
2014-12-09 23:59:59,130.88,128.26
2014-12-10 23:59:59,133.22,129.1
2014-12-11 23:59:59,134.28,130.68
2014-12-12 23:59:59,132.49,131.37
2014-12-13 23:59:59,134.8,133.43
2014-12-14 23:59:59,134.82,129.38
2014-12-15 23:59:59,136.27,132.47
2014-12-16 23:59:59,135.29,134.24
2014-12-17 23:59:59,135.95,134.42
2014-12-18 23:59:59,134.14,134.33
2014-12-19 23:59:59,134.77,130.85
2014-12-20 23:59:59,132.56,133.39
2014-12-21 23:59:59,132.46,131.81
2014-12-22 23:59:59,132.78,131.81
2014-12-23 23:59:59,132.89,125.43
2014-12-24 23:59:59,135.74,131.55
2014-12-25 23:59:59,132.87,130.79
2014-12-26 23:59:59,132.47,138.71
2014-12-27 23:59:59,128.93,139.43
2014-12-28 23:59:59,131.02,143.45
2014-12-29 23:59:59,133.06,144.03
2014-12-30 23:59:59,131.55,140.45
2014-12-31 23:59:59,131.81,144.12
2015-01-01 23:59:59,130.63,146.0
2015-01-02 23:59:59,129.98,151.0
2015-01-03 23:59:59,128.26,150.01
2015-01-04 23:59:59,129.1,146.58
2015-01-05 23:59:59,130.68,139.99
2015-01-06 23:59:59,131.37,138.02
2015-01-07 23:59:59,133.43,137.25
2015-01-08 23:59:59,129.38,136.95
2015-01-09 23:59:59,132.47,135.15
2015-01-10 23:59:59,134.24,136.08
2015-01-11 23:59:59,134.42,136.49
2015-01-12 23:59:59,134.33,138.1
2015-01-13 23:59:59,130.85,136.99
2015-01-14 23:59:59,133.39,140.55
2015-01-15 23:59:59,131.81,138.21
2015-01-16 23:59:59,131.81,137.16
2015-01-17 23:59:59,125.43,136.63
2015-01-18 23:59:59,131.55,134.88
2015-01-19 23:59:59,130.79,138.87
2015-01-20 23:59:59,138.71,136.24
2015-01-21 23:59:59,139.43,128.63
2015-01-22 23:59:59,143.45,126.96
2015-01-23 23:59:59,144.03,127.33
2015-01-24 23:59:59,140.45,129.05
2015-01-25 23:59:59,144.12,124.5
2015-01-26 23:59:59,146.0,124.03
2015-01-27 23:59:59,151.0,124.2
2015-01-28 23:59:59,150.01,119.48
2015-01-29 23:59:59,146.58,119.31
2015-01-30 23:59:59,139.99,117.84
2015-01-31 23:59:59,138.02,117.88
2015-02-01 23:59:59,137.25,116.51
2015-02-02 23:59:59,136.95,116.33
2015-02-03 23:59:59,135.15,116.68
2015-02-04 23:59:59,136.08,117.96
2015-02-05 23:59:59,136.49,117.89
2015-02-06 23:59:59,138.1,118.68
2015-02-07 23:59:59,136.99,116.65
2015-02-08 23:59:59,140.55,117.15
2015-02-09 23:59:59,138.21,116.7
2015-02-10 23:59:59,137.16,116.26
2015-02-11 23:59:59,136.63,115.88
2015-02-12 23:59:59,134.88,114.4
2015-02-13 23:59:59,138.87,114.07
2015-02-14 23:59:59,136.24,116.44
2015-02-15 23:59:59,128.63,115.35
2015-02-16 23:59:59,126.96,116.3
2015-02-17 23:59:59,127.33,112.07
2015-02-18 23:59:59,129.05,113.24
2015-02-19 23:59:59,124.5,111.99
2015-02-20 23:59:59,124.03,112.26
2015-02-21 23:59:59,124.2,113.02
2015-02-22 23:59:59,119.48,112.42
2015-02-23 23:59:59,119.31,115.76
2015-02-24 23:59:59,117.84,116.03
2015-02-25 23:59:59,117.88,118.02
2015-02-26 23:59:59,116.51,117.77
2015-02-27 23:59:59,116.33,117.27
2015-02-28 23:59:59,116.68,116.96
2015-03-01 23:59:59,117.96,117.04
2015-03-02 23:59:59,117.89,116.69
2015-03-03 23:59:59,118.68,118.1
2015-03-04 23:59:59,116.65,117.6
2015-03-05 23:59:59,117.15,119.37
2015-03-06 23:59:59,116.7,117.91
2015-03-07 23:59:59,116.26,118.43
2015-03-08 23:59:59,115.88,118.49
2015-03-09 23:59:59,114.4,117.57
2015-03-10 23:59:59,114.07,118.2
2015-03-11 23:59:59,116.44,115.9
2015-03-12 23:59:59,115.35,113.51
2015-03-13 23:59:59,116.3,115.22
2015-03-14 23:59:59,112.07,116.24
2015-03-15 23:59:59,113.24,116.78
2015-03-16 23:59:59,111.99,115.88
2015-03-17 23:59:59,112.26,117.0
2015-03-18 23:59:59,113.02,119.07
2015-03-19 23:59:59,112.42,117.53
2015-03-20 23:59:59,115.76,117.6
2015-03-21 23:59:59,116.03,116.91
2015-03-22 23:59:59,118.02,117.69
2015-03-23 23:59:59,117.77,117.04
2015-03-24 23:59:59,117.27,116.0
2015-03-25 23:59:59,116.96,112.03
2015-03-26 23:59:59,117.04,111.51
2015-03-27 23:59:59,116.69,107.78
2015-03-28 23:59:59,118.1,110.06
2015-03-29 23:59:59,117.6,109.44
2015-03-30 23:59:59,119.37,109.56
2015-03-31 23:59:59,117.91,114.31
2015-04-01 23:59:59,118.43,112.99
2015-04-02 23:59:59,118.49,112.35
2015-04-03 23:59:59,117.57,114.59
2015-04-04 23:59:59,118.2,111.87
2015-04-05 23:59:59,115.9,108.95
2015-04-06 23:59:59,113.51,107.39
2015-04-07 23:59:59,115.22,104.26
2015-04-08 23:59:59,116.24,101.06
2015-04-09 23:59:59,116.78,107.85
2015-04-10 23:59:59,115.88,110.6
2015-04-11 23:59:59,117.0,107.4
2015-04-12 23:59:59,119.07,112.32
2015-04-13 23:59:59,117.53,116.16
2015-04-14 23:59:59,117.6,120.65
2015-04-15 23:59:59,116.91,122.0
2015-04-16 23:59:59,117.69,123.3
2015-04-17 23:59:59,117.04,122.49
2015-04-18 23:59:59,116.0,121.12
2015-04-19 23:59:59,112.03,123.46
2015-04-20 23:59:59,111.51,123.55
2015-04-21 23:59:59,107.78,133.76
2015-04-22 23:59:59,110.06,120.47
2015-04-23 23:59:59,109.44,123.03
2015-04-24 23:59:59,109.56,123.1
2015-04-25 23:59:59,114.31,122.63
2015-04-26 23:59:59,112.99,123.37
2015-04-27 23:59:59,112.35,123.76
2015-04-28 23:59:59,114.59,123.45
2015-04-29 23:59:59,111.87,125.04
2015-04-30 23:59:59,108.95,124.73
2015-05-01 23:59:59,107.39,126.3
2015-05-02 23:59:59,104.26,126.84
2015-05-03 23:59:59,101.06,122.07
2015-05-04 23:59:59,107.85,122.1
2015-05-05 23:59:59,110.6,122.98
2015-05-06 23:59:59,107.4,123.34
2015-05-07 23:59:59,112.32,122.53
2015-05-08 23:59:59,116.16,122.03
2015-05-09 23:59:59,120.65,121.05
2015-05-10 23:59:59,122.0,121.01
2015-05-11 23:59:59,123.3,120.85
2015-05-12 23:59:59,122.49,122.6
2015-05-13 23:59:59,121.12,122.37
2015-05-14 23:59:59,123.46,124.69
2015-05-15 23:59:59,123.55,126.57
2015-05-16 23:59:59,133.76,127.18
2015-05-17 23:59:59,120.47,127.58
2015-05-18 23:59:59,123.03,129.18
2015-05-19 23:59:59,123.1,128.16
2015-05-20 23:59:59,122.63,128.47
2015-05-21 23:59:59,123.37,127.07
2015-05-22 23:59:59,123.76,128.49
2015-05-23 23:59:59,123.45,125.84
2015-05-24 23:59:59,125.04,129.22
2015-05-25 23:59:59,124.73,129.95
2015-05-26 23:59:59,126.3,129.25
2015-05-27 23:59:59,126.84,126.36
2015-05-28 23:59:59,122.07,129.14
2015-05-29 23:59:59,122.1,132.21
2015-05-30 23:59:59,122.98,131.34
2015-05-31 23:59:59,123.34,131.59
2015-06-01 23:59:59,122.53,132.88
2015-06-02 23:59:59,122.03,134.39
2015-06-03 23:59:59,121.05,133.3
2015-06-04 23:59:59,121.01,134.43
2015-06-05 23:59:59,120.85,134.15
2015-06-06 23:59:59,122.6,135.4
2015-06-07 23:59:59,122.37,134.89
2015-06-08 23:59:59,124.69,131.01
2015-06-09 23:59:59,126.57,128.88
2015-06-10 23:59:59,127.18,129.23
2015-06-11 23:59:59,127.58,119.72
2015-06-12 23:59:59,129.18,124.41
2015-06-13 23:59:59,128.16,123.8
2015-06-14 23:59:59,128.47,124.77
2015-06-15 23:59:59,127.07,128.43
2015-06-16 23:59:59,128.49,134.47
2015-06-17 23:59:59,125.84,132.31
2015-06-18 23:59:59,129.22,129.23
2015-06-19 23:59:59,129.95,132.52
2015-06-20 23:59:59,129.25,135.99
2015-06-21 23:59:59,126.36,127.12
2015-06-22 23:59:59,129.14,128.28
2015-06-23 23:59:59,132.21,126.91
2015-06-24 23:59:59,131.34,119.32
2015-06-25 23:59:59,131.59,135.47
2015-06-26 23:59:59,132.88,135.47
2015-06-27 23:59:59,134.39,114.97
2015-06-28 23:59:59,133.3,97.63
2015-06-29 23:59:59,134.43,108.25
2015-06-30 23:59:59,134.15,109.28
2015-07-01 23:59:59,135.4,126.98
2015-07-02 23:59:59,134.89,130.7
2015-07-03 23:59:59,131.01,129.5
2015-07-04 23:59:59,128.88,137.91
2015-07-05 23:59:59,129.23,137.08
2015-07-06 23:59:59,119.72,141.74
2015-07-07 23:59:59,124.41,139.0
2015-07-08 23:59:59,123.8,140.61
2015-07-09 23:59:59,124.77,140.44
2015-07-10 23:59:59,128.43,133.74
2015-07-11 23:59:59,134.47,136.41
2015-07-12 23:59:59,132.31,136.0
2015-07-13 23:59:59,129.23,132.07
2015-07-14 23:59:59,132.52,168.04
2015-07-15 23:59:59,135.99,169.18
2015-07-16 23:59:59,127.12,171.4
2015-07-17 23:59:59,128.28,173.64
2015-07-18 23:59:59,126.91,181.71
2015-07-19 23:59:59,119.32,181.1
2015-07-20 23:59:59,135.47,183.11
2015-07-21 23:59:59,135.47,184.01
2015-07-22 23:59:59,114.97,184.45
2015-07-23 23:59:59,97.63,193.37
2015-07-24 23:59:59,108.25,194.46
2015-07-25 23:59:59,109.28,194.41
2015-07-26 23:59:59,126.98,189.36
2015-07-27 23:59:59,130.7,192.64
2015-07-28 23:59:59,129.5,190.16
2015-07-29 23:59:59,137.91,189.85
2015-07-30 23:59:59,137.08,184.13
2015-07-31 23:59:59,141.74,191.86
2015-08-01 23:59:59,139.0,192.0
2015-08-02 23:59:59,140.61,193.78
2015-08-03 23:59:59,140.44,196.85
2015-08-04 23:59:59,133.74,196.7
2015-08-05 23:59:59,136.41,196.85
2015-08-06 23:59:59,136.0,196.98
2015-08-07 23:59:59,132.07,197.51
2015-08-08 23:59:59,168.04,198.64
2015-08-09 23:59:59,169.18,199.0
2015-08-10 23:59:59,171.4,198.28
2015-08-11 23:59:59,173.64,199.43
2015-08-12 23:59:59,181.71,200.6
2015-08-13 23:59:59,181.1,201.84
2015-08-14 23:59:59,183.11,200.91
2015-08-15 23:59:59,184.01,202.47
2015-08-16 23:59:59,184.45,202.31
2015-08-17 23:59:59,193.37,200.79
2015-08-18 23:59:59,194.46,202.9
2015-08-19 23:59:59,194.41,202.46
2015-08-20 23:59:59,189.36,202.98
2015-08-21 23:59:59,192.64,202.3
2015-08-22 23:59:59,190.16,199.36
2015-08-23 23:59:59,189.85,201.31
2015-08-24 23:59:59,184.13,199.17
2015-08-25 23:59:59,191.86,196.58
2015-08-26 23:59:59,192.0,203.44
2015-08-27 23:59:59,193.78,202.79
2015-08-28 23:59:59,196.85,205.74
2015-08-29 23:59:59,196.7,203.38
2015-08-30 23:59:59,196.85,203.37
2015-08-31 23:59:59,196.98,198.36
2015-09-01 23:59:59,197.51,199.23
2015-09-02 23:59:59,198.64,199.08
2015-09-03 23:59:59,199.0,200.38
2015-09-04 23:59:59,198.28,202.97
2015-09-05 23:59:59,199.43,203.29
2015-09-06 23:59:59,200.6,202.63
2015-09-07 23:59:59,201.84,200.73
2015-09-08 23:59:59,200.91,201.17
2015-09-09 23:59:59,202.47,203.41
2015-09-10 23:59:59,202.31,202.72
2015-09-11 23:59:59,200.79,199.24
2015-09-12 23:59:59,202.9,196.0
2015-09-13 23:59:59,202.46,198.35
2015-09-14 23:59:59,202.98,197.66
2015-09-15 23:59:59,202.3,194.11
2015-09-16 23:59:59,199.36,193.36
2015-09-17 23:59:59,201.31,196.07
2015-09-18 23:59:59,199.17,194.37
2015-09-19 23:59:59,196.58,198.0
2015-09-20 23:59:59,203.44,202.3
2015-09-21 23:59:59,202.79,204.62
2015-09-22 23:59:59,205.74,201.22
2015-09-23 23:59:59,203.38,203.43
2015-09-24 23:59:59,203.37,203.64
2015-09-25 23:59:59,198.36,207.9
2015-09-26 23:59:59,199.23,205.76
2015-09-27 23:59:59,199.08,205.08
2015-09-28 23:59:59,200.38,204.9
2015-09-29 23:59:59,202.97,200.78
2015-09-30 23:59:59,203.29,201.83
2015-10-01 23:59:59,202.63,200.61
2015-10-02 23:59:59,200.73,204.8
2015-10-03 23:59:59,201.17,203.27
2015-10-04 23:59:59,203.41,199.66
2015-10-05 23:59:59,202.72,204.34
2015-10-06 23:59:59,199.24,209.89
2015-10-07 23:59:59,196.0,209.87
2015-10-08 23:59:59,198.35,213.46
2015-10-09 23:59:59,197.66,214.9
2015-10-10 23:59:59,194.11,215.87
2015-10-11 23:59:59,193.36,213.21
2015-10-12 23:59:59,196.07,217.03
2015-10-13 23:59:59,194.37,220.01
2015-10-14 23:59:59,198.0,225.24
2015-10-15 23:59:59,202.3,225.38
2015-10-16 23:59:59,204.62,232.06
2015-10-17 23:59:59,201.22,232.34
2015-10-18 23:59:59,203.43,229.7
2015-10-19 23:59:59,203.64,229.04
2015-10-20 23:59:59,207.9,230.36
2015-10-21 23:59:59,205.76,229.3
2015-10-22 23:59:59,205.08,229.92
2015-10-23 23:59:59,204.9,231.65
2015-10-24 23:59:59,200.78,231.69
2015-10-25 23:59:59,201.83,230.36
2015-10-26 23:59:59,200.61,232.76
2015-10-27 23:59:59,204.8,234.43
2015-10-28 23:59:59,203.27,237.55
2015-10-29 23:59:59,199.66,240.22
2015-10-30 23:59:59,204.34,238.88
2015-10-31 23:59:59,209.89,238.28
2015-11-01 23:59:59,209.87,239.24
2015-11-02 23:59:59,213.46,238.27
2015-11-03 23:59:59,214.9,239.18
2015-11-04 23:59:59,215.87,245.63
2015-11-05 23:59:59,213.21,247.5
2015-11-06 23:59:59,217.03,245.32
2015-11-07 23:59:59,220.01,243.41
2015-11-08 23:59:59,225.24,244.28
2015-11-09 23:59:59,225.38,244.95
2015-11-10 23:59:59,232.06,244.63
2015-11-11 23:59:59,232.34,245.46
2015-11-12 23:59:59,229.7,245.15
2015-11-13 23:59:59,229.04,243.87
2015-11-14 23:59:59,230.36,243.3
2015-11-15 23:59:59,229.3,244.01
2015-11-16 23:59:59,229.92,244.25
2015-11-17 23:59:59,231.65,244.46
2015-11-18 23:59:59,231.69,244.79
2015-11-19 23:59:59,230.36,244.01
2015-11-20 23:59:59,232.76,245.0
2015-11-21 23:59:59,234.43,245.83
2015-11-22 23:59:59,237.55,240.36
2015-11-23 23:59:59,240.22,240.83
2015-11-24 23:59:59,238.88,239.26
2015-11-25 23:59:59,238.28,238.47
2015-11-26 23:59:59,239.24,238.49
2015-11-27 23:59:59,238.27,238.83
2015-11-28 23:59:59,239.18,237.54
2015-11-29 23:59:59,245.63,235.92
2015-11-30 23:59:59,247.5,237.4
2015-12-01 23:59:59,245.32,236.87
2015-12-02 23:59:59,243.41,239.41
2015-12-03 23:59:59,244.28,240.7
2015-12-04 23:59:59,244.95,238.5
2015-12-05 23:59:59,244.63,236.75
2015-12-06 23:59:59,245.46,236.4
2015-12-07 23:59:59,245.15,236.09
2015-12-08 23:59:59,243.87,235.9
2015-12-09 23:59:59,243.3,233.76
2015-12-10 23:59:59,244.01,229.17
2015-12-11 23:59:59,244.25,229.67
2015-12-12 23:59:59,244.46,230.49
2015-12-13 23:59:59,244.79,229.43
2015-12-14 23:59:59,244.01,228.21
2015-12-15 23:59:59,245.0,228.21
2015-12-16 23:59:59,245.83,229.0
2015-12-17 23:59:59,240.36,231.32
2015-12-18 23:59:59,240.83,231.37
2015-12-19 23:59:59,239.26,232.66
2015-12-20 23:59:59,238.47,232.38
2015-12-21 23:59:59,238.49,232.66
2015-12-22 23:59:59,238.83,232.58
2015-12-23 23:59:59,237.54,231.66
2015-12-24 23:59:59,235.92,229.67
2015-12-25 23:59:59,237.4,232.11
2015-12-26 23:59:59,236.87,232.1
2015-12-27 23:59:59,239.41,232.49
2015-12-28 23:59:59,240.7,232.41
2015-12-29 23:59:59,238.5,231.62
2015-12-30 23:59:59,236.75,228.79
2015-12-31 23:59:59,236.4,228.03
2016-01-01 23:59:59,236.09,228.89
2016-01-02 23:59:59,235.9,229.03
2016-01-03 23:59:59,233.76,227.16
2016-01-04 23:59:59,229.17,226.8
2016-01-05 23:59:59,229.67,227.85
2016-01-06 23:59:59,230.49,227.36
2016-01-07 23:59:59,229.43,226.75
2016-01-08 23:59:59,228.21,224.67
2016-01-09 23:59:59,228.21,223.2
2016-01-10 23:59:59,229.0,222.87
2016-01-11 23:59:59,231.32,221.44
2016-01-12 23:59:59,231.37,222.43
2016-01-13 23:59:59,232.66,222.49
2016-01-14 23:59:59,232.38,223.46
2016-01-15 23:59:59,232.66,222.98
2016-01-16 23:59:59,232.58,221.77
2016-01-17 23:59:59,231.66,223.01
2016-01-18 23:59:59,229.67,224.52
2016-01-19 23:59:59,232.11,222.7
2016-01-20 23:59:59,232.1,223.17
2016-01-21 23:59:59,232.49,223.27
2016-01-22 23:59:59,232.41,223.77
2016-01-23 23:59:59,231.62,226.73
2016-01-24 23:59:59,228.79,226.79
2016-01-25 23:59:59,228.03,225.2
2016-01-26 23:59:59,228.89,226.61
2016-01-27 23:59:59,229.03,227.53
2016-01-28 23:59:59,227.16,226.38
2016-01-29 23:59:59,226.8,227.51
2016-01-30 23:59:59,227.85,227.66
2016-01-31 23:59:59,227.36,225.01
2016-02-01 23:59:59,226.75,223.77
2016-02-02 23:59:59,224.67,223.97
2016-02-03 23:59:59,223.2,223.84
2016-02-04 23:59:59,222.87,222.32
2016-02-05 23:59:59,221.44,223.69
2016-02-06 23:59:59,222.43,223.13
2016-02-07 23:59:59,222.49,222.95
2016-02-08 23:59:59,223.46,221.72
2016-02-09 23:59:59,222.98,224.64
2016-02-10 23:59:59,221.77,225.01
2016-02-11 23:59:59,223.01,228.99
2016-02-12 23:59:59,224.52,228.74
2016-02-13 23:59:59,222.7,231.46
2016-02-14 23:59:59,223.17,229.91
2016-02-15 23:59:59,223.27,229.15
2016-02-16 23:59:59,223.77,227.18
2016-02-17 23:59:59,226.73,227.04
2016-02-18 23:59:59,226.79,226.98
2016-02-19 23:59:59,225.2,230.29
2016-02-20 23:59:59,226.61,229.69
2016-02-21 23:59:59,227.53,231.97
2016-02-22 23:59:59,226.38,230.35
2016-02-23 23:59:59,227.51,228.42
2016-02-24 23:59:59,227.66,228.06
2016-02-25 23:59:59,225.01,232.15
2016-02-26 23:59:59,223.77,230.65
2016-02-27 23:59:59,223.97,232.83
2016-02-28 23:59:59,223.84,231.97
2016-02-29 23:59:59,222.32,232.42
2016-03-01 23:59:59,223.69,231.44
2016-03-02 23:59:59,223.13,231.55
2016-03-03 23:59:59,222.95,232.28
2016-03-04 23:59:59,221.72,228.09
2016-03-05 23:59:59,224.64,227.82
2016-03-06 23:59:59,225.01,227.41
2016-03-07 23:59:59,228.99,224.29
2016-03-08 23:59:59,228.74,224.62
2016-03-09 23:59:59,231.46,224.39
2016-03-10 23:59:59,229.91,222.71
2016-03-11 23:59:59,229.15,221.59
2016-03-12 23:59:59,227.18,219.86
2016-03-13 23:59:59,227.04,221.0
2016-03-14 23:59:59,226.98,221.17
2016-03-15 23:59:59,230.29,221.15
2016-03-16 23:59:59,229.69,218.82
2016-03-17 23:59:59,231.97,221.0
2016-03-18 23:59:59,230.35,218.99
2016-03-19 23:59:59,228.42,219.11
2016-03-20 23:59:59,228.06,217.85
2016-03-21 23:59:59,232.15,218.82
2016-03-22 23:59:59,230.65,214.86
2016-03-23 23:59:59,232.83,214.7
2016-03-24 23:59:59,231.97,216.05
2016-03-25 23:59:59,232.42,212.5
2016-03-26 23:59:59,231.44,215.88
2016-03-27 23:59:59,231.55,217.0
2016-03-28 23:59:59,232.28,220.51
2016-03-29 23:59:59,228.09,220.5
2016-03-30 23:59:59,227.82,222.58
2016-03-31 23:59:59,227.41,221.7
2016-04-01 23:59:59,224.29,224.82
2016-04-02 23:59:59,224.62,221.77
2016-04-03 23:59:59,224.39,219.37
2016-04-04 23:59:59,222.71,219.87
2016-04-05 23:59:59,221.59,220.3
2016-04-06 23:59:59,219.86,220.57
2016-04-07 23:59:59,221.0,222.48
2016-04-08 23:59:59,221.17,222.45
2016-04-09 23:59:59,221.15,223.69
2016-04-10 23:59:59,218.82,223.58
2016-04-11 23:59:59,221.0,223.16
2016-04-12 23:59:59,218.99,218.09
2016-04-13 23:59:59,219.11,217.35
2016-04-14 23:59:59,217.85,222.93
2016-04-15 23:59:59,218.82,223.59
2016-04-16 23:59:59,214.86,224.81
2016-04-17 23:59:59,214.7,225.56
2016-04-18 23:59:59,216.05,225.05
2016-04-19 23:59:59,212.5,225.37
2016-04-20 23:59:59,215.88,222.94
2016-04-21 23:59:59,217.0,225.43
2016-04-22 23:59:59,220.51,223.31
2016-04-23 23:59:59,220.5,224.32
2016-04-24 23:59:59,222.58,225.66
2016-04-25 23:59:59,221.7,226.43
2016-04-26 23:59:59,224.82,223.11
2016-04-27 23:59:59,221.77,225.48
2016-04-28 23:59:59,219.37,229.08
2016-04-29 23:59:59,219.87,229.37
2016-04-30 23:59:59,220.3,228.69
2016-05-01 23:59:59,220.57,231.86
2016-05-02 23:59:59,222.48,232.13
2016-05-03 23:59:59,222.45,230.58
2016-05-04 23:59:59,223.69,229.52
2016-05-05 23:59:59,223.58,227.65
2016-05-06 23:59:59,223.16,229.81
2016-05-07 23:59:59,218.09,227.43
2016-05-08 23:59:59,217.35,229.96
2016-05-09 23:59:59,222.93,226.55
2016-05-10 23:59:59,223.59,223.65
2016-05-11 23:59:59,224.81,222.11
2016-05-12 23:59:59,225.56,221.69
2016-05-13 23:59:59,225.05,222.58
2016-05-14 23:59:59,225.37,223.76
2016-05-15 23:59:59,222.94,227.07
2016-05-16 23:59:59,225.43,224.37
2016-05-17 23:59:59,223.31,223.25
2016-05-18 23:59:59,224.32,217.32
2016-05-19 23:59:59,225.66,220.0
2016-05-20 23:59:59,226.43,220.51
2016-05-21 23:59:59,223.11,219.05
2016-05-22 23:59:59,225.48,224.32
2016-05-23 23:59:59,229.08,224.16
2016-05-24 23:59:59,229.37,226.36
2016-05-25 23:59:59,228.69,227.59
2016-05-26 23:59:59,231.86,229.68
2016-05-27 23:59:59,232.13,230.08
2016-05-28 23:59:59,230.58,232.39
2016-05-29 23:59:59,229.52,233.08
2016-05-30 23:59:59,227.65,230.7
2016-05-31 23:59:59,229.81,227.14
2016-06-01 23:59:59,227.43,228.2
2016-06-02 23:59:59,229.96,226.62
2016-06-03 23:59:59,226.55,233.24
2016-06-04 23:59:59,223.65,234.5
2016-06-05 23:59:59,222.11,234.02
2016-06-06 23:59:59,221.69,236.44
2016-06-07 23:59:59,222.58,236.9
2016-06-08 23:59:59,223.76,230.87
2016-06-09 23:59:59,227.07,230.13
2016-06-10 23:59:59,224.37,229.42
2016-06-11 23:59:59,223.25,226.91
2016-06-12 23:59:59,217.32,227.15
2016-06-13 23:59:59,220.0,226.64
2016-06-14 23:59:59,220.51,223.69
2016-06-15 23:59:59,219.05,228.04
2016-06-16 23:59:59,224.32,225.4
2016-06-17 23:59:59,224.16,223.71
2016-06-18 23:59:59,226.36,220.68
2016-06-19 23:59:59,227.59,218.28
2016-06-20 23:59:59,229.68,218.53
2016-06-21 23:59:59,230.08,216.48
2016-06-22 23:59:59,232.39,218.04
2016-06-23 23:59:59,233.08,215.98
2016-06-24 23:59:59,230.7,224.0
2016-06-25 23:59:59,227.14,225.4
2016-06-26 23:59:59,228.2,224.85
2016-06-27 23:59:59,226.62,227.71
2016-06-28 23:59:59,233.24,229.9
2016-06-29 23:59:59,234.5,231.75
2016-06-30 23:59:59,234.02,222.02
2016-07-01 23:59:59,236.44,221.69
2016-07-02 23:59:59,236.9,225.99
2016-07-03 23:59:59,230.87,231.16
2016-07-04 23:59:59,230.13,233.29
2016-07-05 23:59:59,229.42,239.78
2016-07-06 23:59:59,226.91,234.91
2016-07-07 23:59:59,227.15,237.0
2016-07-08 23:59:59,226.64,234.81
2016-07-09 23:59:59,223.69,238.24
2016-07-10 23:59:59,228.04,237.68
2016-07-11 23:59:59,225.4,241.57
2016-07-12 23:59:59,223.71,240.0
2016-07-13 23:59:59,220.68,239.99
2016-07-14 23:59:59,218.28,238.72
2016-07-15 23:59:59,218.53,239.25
2016-07-16 23:59:59,216.48,239.95
2016-07-17 23:59:59,218.04,245.96
2016-07-18 23:59:59,215.98,246.31
2016-07-19 23:59:59,224.0,251.8
2016-07-20 23:59:59,225.4,250.53
2016-07-21 23:59:59,224.85,248.36
2016-07-22 23:59:59,227.71,250.05
2016-07-23 23:59:59,229.9,251.85
2016-07-24 23:59:59,231.75,249.25
2016-07-25 23:59:59,222.02,246.88
2016-07-26 23:59:59,221.69,251.44
2016-07-27 23:59:59,225.99,253.05
2016-07-28 23:59:59,231.16,259.24
2016-07-29 23:59:59,233.29,261.46
2016-07-30 23:59:59,239.78,263.46
2016-07-31 23:59:59,234.91,258.91
2016-08-01 23:59:59,237.0,259.55
2016-08-02 23:59:59,234.81,258.66
2016-08-03 23:59:59,238.24,257.87
2016-08-04 23:59:59,237.68,258.74
2016-08-05 23:59:59,241.57,259.07
2016-08-06 23:59:59,240.0,261.29
2016-08-07 23:59:59,239.99,261.9
2016-08-08 23:59:59,238.72,263.68
2016-08-09 23:59:59,239.25,262.06
2016-08-10 23:59:59,239.95,264.0
2016-08-11 23:59:59,245.96,265.9
2016-08-12 23:59:59,246.31,263.79
2016-08-13 23:59:59,251.8,261.9
2016-08-14 23:59:59,250.53,261.79
2016-08-15 23:59:59,248.36,263.16
2016-08-16 23:59:59,250.05,261.76
2016-08-17 23:59:59,251.85,264.18
2016-08-18 23:59:59,249.25,268.03
2016-08-19 23:59:59,246.88,267.59
2016-08-20 23:59:59,251.44,268.54
2016-08-21 23:59:59,253.05,269.14
2016-08-22 23:59:59,259.24,271.04
2016-08-23 23:59:59,261.46,271.18
2016-08-24 23:59:59,263.46,267.8
2016-08-25 23:59:59,258.91,266.17
2016-08-26 23:59:59,259.55,268.29
2016-08-27 23:59:59,258.66,267.74
2016-08-28 23:59:59,257.87,266.89
2016-08-29 23:59:59,258.74,269.05
2016-08-30 23:59:59,259.07,268.28
2016-08-31 23:59:59,261.29,268.54
2016-09-01 23:59:59,261.9,269.0
2016-09-02 23:59:59,263.68,273.24
2016-09-03 23:59:59,262.06,276.73
2016-09-04 23:59:59,264.0,275.92
2016-09-05 23:59:59,265.9,273.59
2016-09-06 23:59:59,263.79,272.04
2016-09-07 23:59:59,261.9,270.95
2016-09-08 23:59:59,261.79,272.16
2016-09-09 23:59:59,263.16,271.81
2016-09-10 23:59:59,261.76,271.79
2016-09-11 23:59:59,264.18,270.71
2016-09-12 23:59:59,268.03,270.83
2016-09-13 23:59:59,267.59,273.4
2016-09-14 23:59:59,268.54,272.05
2016-09-15 23:59:59,269.14,271.14
2016-09-16 23:59:59,271.04,268.87
2016-09-17 23:59:59,271.18,272.1
2016-09-18 23:59:59,267.8,272.23
2016-09-19 23:59:59,266.17,271.77
2016-09-20 23:59:59,268.29,271.42
2016-09-21 23:59:59,267.74,272.96
2016-09-22 23:59:59,266.89,269.25
2016-09-23 23:59:59,269.05,267.15
2016-09-24 23:59:59,268.28,265.74
2016-09-25 23:59:59,268.54,263.9
2016-09-26 23:59:59,269.0,262.38
2016-09-27 23:59:59,273.24,264.01
2016-09-28 23:59:59,276.73,262.51
2016-09-29 23:59:59,275.92,262.73
2016-09-30 23:59:59,273.59,263.69
2016-10-01 23:59:59,272.04,262.14
2016-10-02 23:59:59,270.95,261.75
2016-10-03 23:59:59,272.16,262.38
2016-10-04 23:59:59,271.81,262.86
2016-10-05 23:59:59,271.79,262.4
2016-10-06 23:59:59,270.71,261.45
2016-10-07 23:59:59,270.83,262.38
2016-10-08 23:59:59,273.4,263.0
2016-10-09 23:59:59,272.05,263.28
2016-10-10 23:59:59,271.14,262.59
2016-10-11 23:59:59,268.87,260.19
2016-10-12 23:59:59,272.1,258.91
2016-10-13 23:59:59,272.23,259.9
2016-10-14 23:59:59,271.77,259.31
2016-10-15 23:59:59,271.42,259.3
2016-10-16 23:59:59,272.96,260.95
2016-10-17 23:59:59,269.25,261.45
2016-10-18 23:59:59,267.15,263.02
2016-10-19 23:59:59,265.74,262.96
2016-10-20 23:59:59,263.9,263.41
2016-10-21 23:59:59,262.38,265.87
2016-10-22 23:59:59,264.01,265.4
2016-10-23 23:59:59,262.51,264.19
2016-10-24 23:59:59,262.73,263.35
2016-10-25 23:59:59,263.69,265.25
2016-10-26 23:59:59,262.14,264.71
2016-10-27 23:59:59,261.75,266.36
2016-10-28 23:59:59,262.38,266.08
2016-10-29 23:59:59,262.86,267.7
2016-10-30 23:59:59,262.4,265.3
2016-10-31 23:59:59,261.45,263.25
2016-11-01 23:59:59,262.38,265.45
2016-11-02 23:59:59,263.0,266.43
2016-11-03 23:59:59,263.28,262.39
2016-11-04 23:59:59,262.59,262.01
2016-11-05 23:59:59,260.19,261.33
2016-11-06 23:59:59,258.91,259.44
2016-11-07 23:59:59,259.9,261.04
2016-11-08 23:59:59,259.31,261.22
2016-11-09 23:59:59,259.3,261.72
2016-11-10 23:59:59,260.95,260.96
2016-11-11 23:59:59,261.45,262.66
2016-11-12 23:59:59,263.02,260.23
2016-11-13 23:59:59,262.96,257.8
2016-11-14 23:59:59,263.41,257.8
2016-11-15 23:59:59,265.87,257.8
2016-11-16 23:59:59,265.4,259.87
2016-11-17 23:59:59,264.19,259.45
2016-11-18 23:59:59,263.35,257.1
2016-11-19 23:59:59,265.25,255.95
2016-11-20 23:59:59,264.71,253.54
2016-11-21 23:59:59,266.36,253.4
2016-11-22 23:59:59,266.08,257.1
2016-11-23 23:59:59,267.7,254.55
2016-11-24 23:59:59,265.3,257.47
2016-11-25 23:59:59,263.25,256.53
2016-11-26 23:59:59,265.45,250.65
2016-11-27 23:59:59,266.43,254.77
2016-11-28 23:59:59,262.39,258.39
2016-11-29 23:59:59,262.01,258.46
2016-11-30 23:59:59,261.33,256.44
2016-12-01 23:59:59,259.44,260.97
2016-12-02 23:59:59,261.04,261.76
2016-12-03 23:59:59,261.22,259.47
2016-12-04 23:59:59,261.72,260.33
2016-12-05 23:59:59,260.96,260.87
2016-12-06 23:59:59,262.66,261.61
2016-12-07 23:59:59,260.23,261.83
2016-12-08 23:59:59,257.8,263.18
2016-12-09 23:59:59,257.8,259.07
2016-12-10 23:59:59,257.8,265.01
2016-12-11 23:59:59,259.87,262.18
2016-12-12 23:59:59,259.45,275.37
2016-12-13 23:59:59,257.1,277.37
2016-12-14 23:59:59,255.95,281.65
2016-12-15 23:59:59,253.54,281.77
2016-12-16 23:59:59,253.4,282.33
2016-12-17 23:59:59,257.1,279.9
2016-12-18 23:59:59,254.55,279.38
2016-12-19 23:59:59,257.47,279.78
2016-12-20 23:59:59,256.53,280.35
2016-12-21 23:59:59,250.65,284.24
2016-12-22 23:59:59,254.77,281.25
2016-12-23 23:59:59,258.39,279.74
2016-12-24 23:59:59,258.46,282.5
2016-12-25 23:59:59,256.44,277.45
2016-12-26 23:59:59,260.97,276.85
2016-12-27 23:59:59,261.76,280.97
2016-12-28 23:59:59,259.47,279.26
2016-12-29 23:59:59,260.33,280.29
2016-12-30 23:59:59,260.87,281.61
2016-12-31 23:59:59,261.61,279.15
2017-01-01 23:59:59,261.83,279.08
2017-01-02 23:59:59,263.18,283.66
2017-01-03 23:59:59,259.07,281.49
2017-01-04 23:59:59,265.01,281.12
2017-01-05 23:59:59,262.18,284.97
2017-01-06 23:59:59,275.37,285.18
2017-01-07 23:59:59,277.37,281.28
2017-01-08 23:59:59,281.65,281.38
2017-01-09 23:59:59,281.77,281.05
2017-01-10 23:59:59,282.33,274.95
2017-01-11 23:59:59,279.9,266.52
2017-01-12 23:59:59,279.38,263.39
2017-01-13 23:59:59,279.78,263.57
2017-01-14 23:59:59,280.35,268.42
2017-01-15 23:59:59,284.24,267.71
2017-01-16 23:59:59,281.25,265.08
2017-01-17 23:59:59,279.74,268.09
2017-01-18 23:59:59,282.5,269.35
2017-01-19 23:59:59,277.45,267.86
2017-01-20 23:59:59,276.85,269.25
2017-01-21 23:59:59,280.97,271.35
2017-01-22 23:59:59,279.26,268.9
2017-01-23 23:59:59,280.29,268.5
2017-01-24 23:59:59,281.61,269.41
2017-01-25 23:59:59,279.15,265.78
2017-01-26 23:59:59,279.08,267.67
2017-01-27 23:59:59,283.66,261.48
2017-01-28 23:59:59,281.49,260.55
2017-01-29 23:59:59,281.12,259.0
2017-01-30 23:59:59,284.97,261.12
2017-01-31 23:59:59,285.18,259.26
2017-02-01 23:59:59,281.28,259.34
2017-02-02 23:59:59,281.38,261.59
2017-02-03 23:59:59,281.05,257.24
2017-02-04 23:59:59,274.95,252.57
2017-02-05 23:59:59,266.52,245.75
2017-02-06 23:59:59,263.39,249.1
2017-02-07 23:59:59,263.57,248.6
2017-02-08 23:59:59,268.42,248.08
2017-02-09 23:59:59,267.71,251.62
2017-02-10 23:59:59,265.08,252.45
2017-02-11 23:59:59,268.09,248.9
2017-02-12 23:59:59,269.35,249.17
2017-02-13 23:59:59,267.86,248.97
2017-02-14 23:59:59,269.25,244.94
2017-02-15 23:59:59,271.35,249.76
2017-02-16 23:59:59,268.9,253.09
2017-02-17 23:59:59,268.5,255.33
2017-02-18 23:59:59,269.41,255.55
2017-02-19 23:59:59,265.78,259.03
2017-02-20 23:59:59,267.67,255.66
2017-02-21 23:59:59,261.48,251.77
2017-02-22 23:59:59,260.55,252.87
2017-02-23 23:59:59,259.0,250.65
2017-02-24 23:59:59,261.12,254.17
2017-02-25 23:59:59,259.26,250.75
2017-02-26 23:59:59,259.34,246.43
2017-02-27 23:59:59,261.59,259.6
2017-02-28 23:59:59,257.24,262.9
2017-03-01 23:59:59,252.57,267.48
2017-03-02 23:59:59,245.75,266.22
2017-03-03 23:59:59,249.1,266.29
2017-03-04 23:59:59,248.6,266.54
2017-03-05 23:59:59,248.08,269.64
2017-03-06 23:59:59,251.62,271.32
2017-03-07 23:59:59,252.45,270.6
2017-03-08 23:59:59,248.9,271.67
2017-03-09 23:59:59,249.17,270.95
2017-03-10 23:59:59,248.97,272.88
2017-03-11 23:59:59,244.94,271.17
2017-03-12 23:59:59,249.76,273.53
2017-03-13 23:59:59,253.09,267.86
2017-03-14 23:59:59,255.33,265.6
2017-03-15 23:59:59,255.55,264.94
2017-03-16 23:59:59,259.03,267.44
2017-03-17 23:59:59,255.66,268.07
2017-03-18 23:59:59,251.77,267.03
2017-03-19 23:59:59,252.87,266.42
2017-03-20 23:59:59,250.65,267.65
2017-03-21 23:59:59,254.17,263.51
2017-03-22 23:59:59,250.75,267.56
2017-03-23 23:59:59,246.43,274.05
2017-03-24 23:59:59,259.6,282.1
2017-03-25 23:59:59,262.9,282.32
2017-03-26 23:59:59,267.48,282.56
2017-03-27 23:59:59,266.22,282.1
2017-03-28 23:59:59,266.29,283.26
2017-03-29 23:59:59,266.54,284.22
2017-03-30 23:59:59,269.64,282.8
2017-03-31 23:59:59,271.32,279.98
2017-04-01 23:59:59,270.6,280.98
2017-04-02 23:59:59,271.67,278.82
2017-04-03 23:59:59,270.95,281.84
2017-04-04 23:59:59,272.88,282.62
2017-04-05 23:59:59,271.17,279.77
2017-04-06 23:59:59,273.53,279.53
2017-04-07 23:59:59,267.86,286.08
2017-04-08 23:59:59,265.6,286.48
2017-04-09 23:59:59,264.94,283.86
2017-04-10 23:59:59,267.44,282.61
2017-04-11 23:59:59,268.07,283.31
2017-04-12 23:59:59,267.03,283.0
2017-04-13 23:59:59,266.42,284.88
2017-04-14 23:59:59,267.65,279.66
2017-04-15 23:59:59,263.51,278.17
2017-04-16 23:59:59,267.56,273.12
2017-04-17 23:59:59,274.05,272.13
2017-04-18 23:59:59,282.1,270.45
2017-04-19 23:59:59,282.32,270.63
2017-04-20 23:59:59,282.56,270.96
2017-04-21 23:59:59,282.1,270.84
2017-04-22 23:59:59,283.26,268.03
2017-04-23 23:59:59,284.22,265.72
2017-04-24 23:59:59,282.8,262.66
2017-04-25 23:59:59,279.98,264.58
2017-04-26 23:59:59,280.98,264.07
2017-04-27 23:59:59,278.82,267.03
2017-04-28 23:59:59,281.84,266.6
2017-04-29 23:59:59,282.62,268.05
2017-04-30 23:59:59,279.77,268.14
2017-05-01 23:59:59,279.53,268.57
2017-05-02 23:59:59,286.08,268.76
2017-05-03 23:59:59,286.48,267.0
2017-05-04 23:59:59,283.86,263.03
2017-05-05 23:59:59,282.61,266.45
2017-05-06 23:59:59,283.31,269.26
2017-05-07 23:59:59,283.0,267.24
2017-05-08 23:59:59,284.88,267.1
2017-05-09 23:59:59,279.66,266.5
2017-05-10 23:59:59,278.17,271.35
2017-05-11 23:59:59,273.12,269.17
2017-05-12 23:59:59,272.13,268.9
2017-05-13 23:59:59,270.45,268.1
2017-05-14 23:59:59,270.63,262.76
2017-05-15 23:59:59,270.96,263.64
2017-05-16 23:59:59,270.84,261.3
2017-05-17 23:59:59,268.03,262.22
2017-05-18 23:59:59,265.72,266.5
2017-05-19 23:59:59,262.66,273.47
2017-05-20 23:59:59,264.58,272.75
2017-05-21 23:59:59,264.07,270.11
2017-05-22 23:59:59,267.03,269.9
2017-05-23 23:59:59,266.6,273.42
2017-05-24 23:59:59,268.05,275.02
2017-05-25 23:59:59,268.14,272.3
2017-05-26 23:59:59,268.57,267.07
2017-05-27 23:59:59,268.76,268.3
2017-05-28 23:59:59,267.0,270.3
2017-05-29 23:59:59,263.03,274.52
2017-05-30 23:59:59,266.45,265.98
2017-05-31 23:59:59,269.26,266.65
2017-06-01 23:59:59,267.24,265.5
2017-06-02 23:59:59,267.1,262.8
2017-06-03 23:59:59,266.5,255.28
2017-06-04 23:59:59,271.35,256.48
2017-06-05 23:59:59,269.17,256.83
2017-06-06 23:59:59,268.9,256.78
2017-06-07 23:59:59,268.1,256.56
2017-06-08 23:59:59,262.76,254.87
2017-06-09 23:59:59,263.64,253.56
2017-06-10 23:59:59,261.3,252.5
2017-06-11 23:59:59,262.22,254.21
2017-06-12 23:59:59,266.5,249.31
2017-06-13 23:59:59,273.47,247.9
2017-06-14 23:59:59,272.75,246.01
2017-06-15 23:59:59,270.11,245.15
2017-06-16 23:59:59,269.9,245.21
2017-06-17 23:59:59,273.42,245.78
2017-06-18 23:59:59,275.02,247.89
2017-06-19 23:59:59,272.3,237.9
2017-06-20 23:59:59,267.07,237.98
2017-06-21 23:59:59,268.3,237.52
2017-06-22 23:59:59,270.3,238.8
2017-06-23 23:59:59,274.52,239.15
2017-06-24 23:59:59,265.98,237.78
2017-06-25 23:59:59,266.65,236.93
2017-06-26 23:59:59,265.5,232.55
2017-06-27 23:59:59,262.8,230.18
2017-06-28 23:59:59,255.28,222.62
2017-06-29 23:59:59,256.48,223.49
2017-06-30 23:59:59,256.83,223.67
2017-07-01 23:59:59,256.78,222.57
2017-07-02 23:59:59,256.56,221.46
2017-07-03 23:59:59,254.87,221.1
2017-07-04 23:59:59,253.56,220.0
2017-07-05 23:59:59,252.5,218.45
2017-07-06 23:59:59,254.21,220.53
2017-07-07 23:59:59,249.31,219.41
2017-07-08 23:59:59,247.9,218.56
2017-07-09 23:59:59,246.01,218.8
2017-07-10 23:59:59,245.15,219.08
2017-07-11 23:59:59,245.21,220.34
2017-07-12 23:59:59,245.78,220.66
2017-07-13 23:59:59,247.89,223.7
2017-07-14 23:59:59,237.9,223.47
2017-07-15 23:59:59,237.98,222.35
2017-07-16 23:59:59,237.52,222.69
2017-07-17 23:59:59,238.8,220.93
2017-07-18 23:59:59,239.15,221.74
2017-07-19 23:59:59,237.78,222.89
2017-07-20 23:59:59,236.93,221.66
2017-07-21 23:59:59,232.55,223.58
2017-07-22 23:59:59,230.18,222.94
2017-07-23 23:59:59,222.62,219.55
2017-07-24 23:59:59,223.49,219.83
2017-07-25 23:59:59,223.67,218.44
2017-07-26 23:59:59,222.57,219.78
2017-07-27 23:59:59,221.46,219.01
2017-07-28 23:59:59,221.1,221.99
2017-07-29 23:59:59,220.0,224.05
2017-07-30 23:59:59,218.45,223.25
2017-07-31 23:59:59,220.53,218.23
2017-08-01 23:59:59,219.41,224.48
2017-08-02 23:59:59,218.56,225.41
2017-08-03 23:59:59,218.8,226.71
2017-08-04 23:59:59,219.08,226.93
2017-08-05 23:59:59,220.34,229.11
2017-08-06 23:59:59,220.66,228.98
2017-08-07 23:59:59,223.7,228.11
2017-08-08 23:59:59,223.47,225.62
2017-08-09 23:59:59,222.35,224.85
2017-08-10 23:59:59,222.69,226.89
2017-08-11 23:59:59,220.93,226.16
2017-08-12 23:59:59,221.74,226.59
2017-08-13 23:59:59,222.89,227.85
2017-08-14 23:59:59,221.66,227.25
2017-08-15 23:59:59,223.58,226.35
2017-08-16 23:59:59,222.94,227.9
2017-08-17 23:59:59,219.55,229.0
2017-08-18 23:59:59,219.83,228.64
2017-08-19 23:59:59,218.44,229.06
2017-08-20 23:59:59,219.78,228.16
2017-08-21 23:59:59,219.01,229.15
2017-08-22 23:59:59,221.99,230.12
2017-08-23 23:59:59,224.05,228.73
2017-08-24 23:59:59,223.25,228.88
2017-08-25 23:59:59,218.23,227.6
2017-08-26 23:59:59,224.48,228.86
2017-08-27 23:59:59,225.41,227.02
2017-08-28 23:59:59,226.71,226.28
2017-08-29 23:59:59,226.93,226.93
2017-08-30 23:59:59,229.11,223.76
2017-08-31 23:59:59,228.98,224.54
2017-09-01 23:59:59,228.11,223.45
2017-09-02 23:59:59,225.62,223.96
2017-09-03 23:59:59,224.85,225.05
2017-09-04 23:59:59,226.89,223.55
2017-09-05 23:59:59,226.16,224.24
2017-09-06 23:59:59,226.59,225.1
2017-09-07 23:59:59,227.85,225.27
2017-09-08 23:59:59,227.25,227.05
2017-09-09 23:59:59,226.35,226.34
2017-09-10 23:59:59,227.9,226.01
2017-09-11 23:59:59,229.0,226.35
2017-09-12 23:59:59,228.64,225.9
2017-09-13 23:59:59,229.06,224.6
2017-09-14 23:59:59,228.16,225.2
2017-09-15 23:59:59,229.15,220.35
2017-09-16 23:59:59,230.12,220.44
2017-09-17 23:59:59,228.73,220.46
2017-09-18 23:59:59,228.88,219.99
2017-09-19 23:59:59,227.6,217.56
2017-09-20 23:59:59,228.86,216.5
2017-09-21 23:59:59,227.02,221.25
2017-09-22 23:59:59,226.28,220.97
2017-09-23 23:59:59,226.93,223.03
2017-09-24 23:59:59,223.76,222.25
2017-09-25 23:59:59,224.54,219.62
2017-09-26 23:59:59,223.45,219.02
2017-09-27 23:59:59,223.96,221.22
2017-09-28 23:59:59,225.05,222.14
2017-09-29 23:59:59,223.55,220.96
2017-09-30 23:59:59,224.24,221.09
2017-10-01 23:59:59,225.1,221.42
2017-10-02 23:59:59,225.27,222.36
2017-10-03 23:59:59,227.05,220.21
2017-10-04 23:59:59,226.34,218.54
2017-10-05 23:59:59,226.01,220.0
2017-10-06 23:59:59,226.35,222.26
2017-10-07 23:59:59,225.9,218.85
2017-10-08 23:59:59,224.6,217.85
2017-10-09 23:59:59,225.2,218.66
2017-10-10 23:59:59,220.35,217.65
2017-10-11 23:59:59,220.44,217.64
2017-10-12 23:59:59,220.46,218.68
2017-10-13 23:59:59,219.99,217.06
2017-10-14 23:59:59,217.56,213.19
2017-10-15 23:59:59,216.5,213.19
2017-10-16 23:59:59,221.25,213.19
2017-10-17 23:59:59,220.97,213.19
2017-10-18 23:59:59,223.03,211.35
2017-10-19 23:59:59,222.25,213.54
2017-10-20 23:59:59,219.62,213.18
2017-10-21 23:59:59,219.02,211.69
2017-10-22 23:59:59,221.22,212.61
2017-10-23 23:59:59,222.14,213.21
2017-10-24 23:59:59,220.96,213.41
2017-10-25 23:59:59,221.09,212.62
2017-10-26 23:59:59,221.42,213.56
2017-10-27 23:59:59,222.36,211.32
2017-10-28 23:59:59,220.21,214.49
2017-10-29 23:59:59,218.54,210.76
2017-10-30 23:59:59,220.0,210.36
2017-10-31 23:59:59,222.26,209.35
2017-11-01 23:59:59,218.85,209.32
2017-11-02 23:59:59,217.85,209.47
2017-11-03 23:59:59,218.66,207.49
2017-11-04 23:59:59,217.65,206.95
2017-11-05 23:59:59,217.64,206.0
2017-11-06 23:59:59,218.68,206.26
2017-11-07 23:59:59,217.06,203.08
2017-11-08 23:59:59,213.19,204.14
2017-11-09 23:59:59,213.19,203.23
2017-11-10 23:59:59,213.19,203.93
2017-11-11 23:59:59,213.19,204.7
2017-11-12 23:59:59,211.35,206.62
2017-11-13 23:59:59,213.54,203.5
2017-11-14 23:59:59,213.18,202.21
2017-11-15 23:59:59,211.69,203.65
2017-11-16 23:59:59,212.61,201.3
2017-11-17 23:59:59,213.21,199.85
2017-11-18 23:59:59,213.41,198.77
2017-11-19 23:59:59,212.62,197.44
2017-11-20 23:59:59,213.56,197.59
2017-11-21 23:59:59,211.32,196.19
2017-11-22 23:59:59,214.49,197.0
2017-11-23 23:59:59,210.76,195.0
2017-11-24 23:59:59,210.36,191.04
2017-11-25 23:59:59,209.35,190.92
2017-11-26 23:59:59,209.32,190.04
2017-11-27 23:59:59,209.47,190.7
2017-11-28 23:59:59,207.49,190.73
2017-11-29 23:59:59,206.95,189.71
2017-11-30 23:59:59,206.0,189.05
2017-12-01 23:59:59,206.26,188.62
2017-12-02 23:59:59,203.08,188.13
2017-12-03 23:59:59,204.14,189.28
2017-12-04 23:59:59,203.23,188.2
2017-12-05 23:59:59,203.93,188.62
2017-12-06 23:59:59,204.7,187.38
2017-12-07 23:59:59,206.62,187.35
2017-12-08 23:59:59,203.5,187.21
2017-12-09 23:59:59,202.21,188.16
2017-12-10 23:59:59,203.65,188.5
2017-12-11 23:59:59,201.3,188.76
2017-12-12 23:59:59,199.85,187.78
2017-12-13 23:59:59,198.77,186.17
2017-12-14 23:59:59,197.44,185.6
2017-12-15 23:59:59,197.59,185.33
2017-12-16 23:59:59,196.19,187.3
2017-12-17 23:59:59,197.0,185.41
2017-12-18 23:59:59,195.0,185.0
2017-12-19 23:59:59,191.04,187.09
2017-12-20 23:59:59,190.92,188.28
2017-12-21 23:59:59,190.04,187.95
2017-12-22 23:59:59,190.7,187.69
2017-12-23 23:59:59,190.73,186.71
2017-12-24 23:59:59,189.71,187.58
2017-12-25 23:59:59,189.05,189.82
2017-12-26 23:59:59,188.62,189.49
2017-12-27 23:59:59,188.13,190.67
2017-12-28 23:59:59,189.28,189.86
2017-12-29 23:59:59,188.2,189.18
2017-12-30 23:59:59,188.62,189.08
2017-12-31 23:59:59,187.38,190.1
2018-01-01 23:59:59,187.35,189.71
2018-01-02 23:59:59,187.21,189.33
2018-01-03 23:59:59,188.16,188.54
2018-01-04 23:59:59,188.5,187.47
2018-01-05 23:59:59,188.76,187.08
2018-01-06 23:59:59,187.78,189.4
2018-01-07 23:59:59,186.17,188.41
2018-01-08 23:59:59,185.6,189.72
2018-01-09 23:59:59,185.33,189.55
2018-01-10 23:59:59,187.3,187.65
2018-01-11 23:59:59,185.41,187.93
2018-01-12 23:59:59,185.0,189.52
2018-01-13 23:59:59,187.09,190.14
2018-01-14 23:59:59,188.28,191.03
2018-01-15 23:59:59,187.95,190.92
2018-01-16 23:59:59,187.69,190.79
2018-01-17 23:59:59,186.71,191.42
2018-01-18 23:59:59,187.58,189.68
2018-01-19 23:59:59,189.82,192.94
2018-01-20 23:59:59,189.49,191.81
2018-01-21 23:59:59,190.67,188.36
2018-01-22 23:59:59,189.86,189.06
2018-01-23 23:59:59,189.18,191.88
2018-01-24 23:59:59,189.08,192.23
2018-01-25 23:59:59,190.1,191.4
2018-01-26 23:59:59,189.71,191.94
2018-01-27 23:59:59,189.33,191.52
2018-01-28 23:59:59,188.54,191.47
2018-01-29 23:59:59,187.47,192.88
2018-01-30 23:59:59,187.08,191.15
2018-01-31 23:59:59,189.4,190.68
2018-02-01 23:59:59,188.41,191.17
2018-02-02 23:59:59,189.72,191.41
2018-02-03 23:59:59,189.55,191.54
2018-02-04 23:59:59,187.65,188.2
2018-02-05 23:59:59,187.93,186.84
2018-02-06 23:59:59,189.52,186.87
2018-02-07 23:59:59,190.14,185.76
2018-02-08 23:59:59,191.03,181.53
2018-02-09 23:59:59,190.92,181.66
2018-02-10 23:59:59,190.79,180.34
2018-02-11 23:59:59,191.42,181.0
2018-02-12 23:59:59,189.68,181.63
2018-02-13 23:59:59,192.94,181.28
2018-02-14 23:59:59,191.81,183.54
2018-02-15 23:59:59,188.36,182.98
2018-02-16 23:59:59,189.06,182.29
2018-02-17 23:59:59,191.88,183.29
2018-02-18 23:59:59,192.23,182.28
2018-02-19 23:59:59,191.4,182.99
2018-02-20 23:59:59,191.94,183.15
2018-02-21 23:59:59,191.52,183.14
2018-02-22 23:59:59,191.47,181.8
2018-02-23 23:59:59,192.88,181.69
2018-02-24 23:59:59,191.15,182.13
2018-02-25 23:59:59,190.68,180.03
2018-02-26 23:59:59,191.17,180.46
2018-02-27 23:59:59,191.41,181.25
2018-02-28 23:59:59,191.54,181.51
2018-03-01 23:59:59,188.2,181.17
2018-03-02 23:59:59,186.84,183.11
2018-03-03 23:59:59,186.87,182.03
2018-03-04 23:59:59,185.76,181.7
2018-03-05 23:59:59,181.53,182.03
2018-03-06 23:59:59,181.66,182.65
2018-03-07 23:59:59,180.34,183.2
2018-03-08 23:59:59,181.0,183.21
2018-03-09 23:59:59,181.63,181.2
2018-03-10 23:59:59,181.28,179.75
2018-03-11 23:59:59,183.54,181.78
2018-03-12 23:59:59,182.98,180.69
2018-03-13 23:59:59,182.29,180.32
2018-03-14 23:59:59,183.29,178.99
2018-03-15 23:59:59,182.28,179.09
2018-03-16 23:59:59,182.99,178.04
2018-03-17 23:59:59,183.15,177.66
2018-03-18 23:59:59,183.14,179.54
2018-03-19 23:59:59,181.8,177.55
2018-03-20 23:59:59,181.69,177.63
2018-03-21 23:59:59,182.13,177.57
2018-03-22 23:59:59,180.03,180.75
2018-03-23 23:59:59,180.46,180.98
2018-03-24 23:59:59,181.25,181.8
2018-03-25 23:59:59,181.51,182.65
2018-03-26 23:59:59,181.17,181.65
2018-03-27 23:59:59,183.11,182.64
2018-03-28 23:59:59,182.03,181.36
2018-03-29 23:59:59,181.7,181.85
2018-03-30 23:59:59,182.03,183.01
2018-03-31 23:59:59,182.65,183.11
2018-04-01 23:59:59,183.2,184.04
2018-04-02 23:59:59,183.21,184.03
2018-04-03 23:59:59,181.2,184.46
2018-04-04 23:59:59,179.75,186.38
2018-04-05 23:59:59,181.78,184.64
2018-04-06 23:59:59,180.69,184.32
2018-04-07 23:59:59,180.32,181.1
2018-04-08 23:59:59,178.99,180.9
2018-04-09 23:59:59,179.09,179.31
2018-04-10 23:59:59,178.04,177.36
2018-04-11 23:59:59,177.66,177.31
2018-04-12 23:59:59,179.54,175.46
2018-04-13 23:59:59,177.55,177.0
2018-04-14 23:59:59,177.63,176.25
2018-04-15 23:59:59,177.57,174.68
2018-04-16 23:59:59,180.75,174.7
2018-04-17 23:59:59,180.98,175.31
2018-04-18 23:59:59,181.8,175.65
2018-04-19 23:59:59,182.65,175.77
2018-04-20 23:59:59,181.65,173.91
2018-04-21 23:59:59,182.64,173.44
2018-04-22 23:59:59,181.36,174.0
2018-04-23 23:59:59,181.85,172.98
2018-04-24 23:59:59,183.01,172.24
2018-04-25 23:59:59,183.11,173.17
2018-04-26 23:59:59,184.04,172.7
2018-04-27 23:59:59,184.03,173.55
2018-04-28 23:59:59,184.46,175.54
2018-04-29 23:59:59,186.38,175.79
2018-04-30 23:59:59,184.64,176.03
2018-05-01 23:59:59,184.32,176.33
2018-05-02 23:59:59,181.1,176.1
2018-05-03 23:59:59,180.9,175.78
2018-05-04 23:59:59,179.31,176.44
2018-05-05 23:59:59,177.36,175.02
2018-05-06 23:59:59,177.31,176.19
2018-05-07 23:59:59,175.46,175.46
2018-05-08 23:59:59,177.0,175.4
2018-05-09 23:59:59,176.25,175.98
2018-05-10 23:59:59,174.68,177.31
2018-05-11 23:59:59,174.7,176.28
2018-05-12 23:59:59,175.31,178.3
2018-05-13 23:59:59,175.65,178.16
2018-05-14 23:59:59,175.77,177.15
2018-05-15 23:59:59,173.91,176.97
2018-05-16 23:59:59,173.44,176.27
2018-05-17 23:59:59,174.0,176.4
2018-05-18 23:59:59,172.98,175.83
2018-05-19 23:59:59,172.24,176.7
2018-05-20 23:59:59,173.17,175.63
2018-05-21 23:59:59,172.7,176.15
2018-05-22 23:59:59,173.55,174.06
2018-05-23 23:59:59,175.54,172.36
2018-05-24 23:59:59,175.79,172.37
2018-05-25 23:59:59,176.03,170.92
2018-05-26 23:59:59,176.33,170.51
2018-05-27 23:59:59,176.1,170.67
2018-05-28 23:59:59,175.78,171.37
2018-05-29 23:59:59,176.44,172.34
2018-05-30 23:59:59,175.02,171.81
2018-05-31 23:59:59,176.19,171.7
2018-06-01 23:59:59,175.46,171.04
2018-06-02 23:59:59,175.4,171.55
2018-06-03 23:59:59,175.98,171.52
2018-06-04 23:59:59,177.31,170.83
2018-06-05 23:59:59,176.28,171.48
2018-06-06 23:59:59,178.3,171.94
2018-06-07 23:59:59,178.16,171.34
2018-06-08 23:59:59,177.15,171.99
2018-06-09 23:59:59,176.97,172.11
2018-06-10 23:59:59,176.27,172.8
2018-06-11 23:59:59,176.4,172.93
2018-06-12 23:59:59,175.83,173.08
2018-06-13 23:59:59,176.7,171.07
2018-06-14 23:59:59,175.63,169.99
2018-06-15 23:59:59,176.15,170.49
2018-06-16 23:59:59,174.06,171.14
2018-06-17 23:59:59,172.36,171.57
2018-06-18 23:59:59,172.37,170.96
2018-06-19 23:59:59,170.92,170.72
2018-06-20 23:59:59,170.51,169.54
2018-06-21 23:59:59,170.67,169.84
2018-06-22 23:59:59,171.37,169.6
2018-06-23 23:59:59,172.34,169.61
2018-06-24 23:59:59,171.81,168.9
2018-06-25 23:59:59,171.7,169.12
2018-06-26 23:59:59,171.04,168.3
2018-06-27 23:59:59,171.55,165.68
2018-06-28 23:59:59,171.52,166.08
2018-06-29 23:59:59,170.83,165.47
2018-06-30 23:59:59,171.48,167.09
2018-07-01 23:59:59,171.94,166.84
2018-07-02 23:59:59,171.34,166.65
2018-07-03 23:59:59,171.99,166.07
2018-07-04 23:59:59,172.11,167.45
2018-07-05 23:59:59,172.8,167.18
2018-07-06 23:59:59,172.93,168.17
2018-07-07 23:59:59,173.08,168.04
2018-07-08 23:59:59,171.07,167.5
2018-07-09 23:59:59,169.99,166.5
2018-07-10 23:59:59,170.49,167.06
2018-07-11 23:59:59,171.14,166.89
2018-07-12 23:59:59,171.57,166.02
2018-07-13 23:59:59,170.96,166.28
2018-07-14 23:59:59,170.72,165.79
2018-07-15 23:59:59,169.54,164.49
2018-07-16 23:59:59,169.84,162.96
2018-07-17 23:59:59,169.6,163.12
2018-07-18 23:59:59,169.61,163.0
2018-07-19 23:59:59,168.9,163.35
2018-07-20 23:59:59,169.12,162.51
2018-07-21 23:59:59,168.3,162.41
2018-07-22 23:59:59,165.68,161.8
2018-07-23 23:59:59,166.08,161.78
2018-07-24 23:59:59,165.47,160.75
2018-07-25 23:59:59,167.09,160.73
2018-07-26 23:59:59,166.84,160.69
2018-07-27 23:59:59,166.65,160.36
2018-07-28 23:59:59,166.07,161.18
2018-07-29 23:59:59,167.45,159.24
2018-07-30 23:59:59,167.18,159.92
2018-07-31 23:59:59,168.17,159.86
2018-08-01 23:59:59,168.04,160.12
2018-08-02 23:59:59,167.5,160.78
2018-08-03 23:59:59,166.5,161.28
2018-08-04 23:59:59,167.06,160.78
2018-08-05 23:59:59,166.89,160.93
2018-08-06 23:59:59,166.02,160.4
2018-08-07 23:59:59,166.28,160.45
2018-08-08 23:59:59,165.79,160.88
2018-08-09 23:59:59,164.49,160.39
2018-08-10 23:59:59,162.96,159.84
2018-08-11 23:59:59,163.12,160.34
2018-08-12 23:59:59,163.0,158.77
2018-08-13 23:59:59,163.35,158.93
2018-08-14 23:59:59,162.51,159.11
2018-08-15 23:59:59,162.41,160.07
2018-08-16 23:59:59,161.8,160.83
2018-08-17 23:59:59,161.78,159.07
2018-08-18 23:59:59,160.75,159.21
2018-08-19 23:59:59,160.73,159.39
2018-08-20 23:59:59,160.69,159.1
2018-08-21 23:59:59,160.36,158.89
2018-08-22 23:59:59,161.18,158.99
2018-08-23 23:59:59,159.24,157.89
2018-08-24 23:59:59,159.92,158.47
2018-08-25 23:59:59,159.86,162.53
2018-08-26 23:59:59,160.12,162.47
2018-08-27 23:59:59,160.78,163.12
2018-08-28 23:59:59,161.28,163.29
2018-08-29 23:59:59,160.78,164.27
2018-08-30 23:59:59,160.93,161.47
2018-08-31 23:59:59,160.4,161.06
2018-09-01 23:59:59,160.45,160.62
2018-09-02 23:59:59,160.88,162.31
2018-09-03 23:59:59,160.39,161.87
2018-09-04 23:59:59,159.84,160.61
2018-09-05 23:59:59,160.34,161.2
2018-09-06 23:59:59,158.77,160.02
2018-09-07 23:59:59,158.93,156.01
2018-09-08 23:59:59,159.11,156.32
2018-09-09 23:59:59,160.07,158.8
2018-09-10 23:59:59,160.83,158.94
2018-09-11 23:59:59,159.07,159.16
2018-09-12 23:59:59,159.21,159.18
2018-09-13 23:59:59,159.39,158.52
2018-09-14 23:59:59,159.1,159.13
2018-09-15 23:59:59,158.89,158.57
2018-09-16 23:59:59,158.99,161.54
2018-09-17 23:59:59,157.89,163.37
2018-09-18 23:59:59,158.47,162.62
2018-09-19 23:59:59,162.53,162.89
2018-09-20 23:59:59,162.47,162.55
2018-09-21 23:59:59,163.12,160.72
2018-09-22 23:59:59,163.29,160.18
2018-09-23 23:59:59,164.27,159.3
2018-09-24 23:59:59,161.47,161.34
2018-09-25 23:59:59,161.06,161.9
2018-09-26 23:59:59,160.62,162.93
2018-09-27 23:59:59,162.31,161.67
2018-09-28 23:59:59,161.87,161.06
2018-09-29 23:59:59,160.61,162.13
2018-09-30 23:59:59,161.2,162.0
2018-10-01 23:59:59,160.02,162.48
2018-10-02 23:59:59,156.01,163.0
2018-10-03 23:59:59,156.32,163.71
2018-10-04 23:59:59,158.8,164.18
2018-10-05 23:59:59,158.94,163.15
2018-10-06 23:59:59,159.16,163.39
2018-10-07 23:59:59,159.18,163.66
2018-10-08 23:59:59,158.52,164.86
2018-10-09 23:59:59,159.13,165.01
2018-10-10 23:59:59,158.57,164.35
2018-10-11 23:59:59,161.54,166.42
2018-10-12 23:59:59,163.37,167.78
2018-10-13 23:59:59,162.62,167.24
2018-10-14 23:59:59,162.89,167.45
2018-10-15 23:59:59,162.55,167.8
2018-10-16 23:59:59,160.72,167.66
2018-10-17 23:59:59,160.18,167.51
2018-10-18 23:59:59,159.3,167.91
2018-10-19 23:59:59,161.34,167.96
2018-10-20 23:59:59,161.9,167.24
2018-10-21 23:59:59,162.93,166.4
2018-10-22 23:59:59,161.67,166.16
2018-10-23 23:59:59,161.06,167.53
2018-10-24 23:59:59,162.13,167.57
2018-10-25 23:59:59,162.0,168.04
2018-10-26 23:59:59,162.48,168.41
2018-10-27 23:59:59,163.0,168.03
2018-10-28 23:59:59,163.71,168.87
2018-10-29 23:59:59,164.18,169.47
2018-10-30 23:59:59,163.15,168.59
2018-10-31 23:59:59,163.39,169.08
2018-11-01 23:59:59,163.66,168.4
2018-11-02 23:59:59,164.86,168.23
2018-11-03 23:59:59,165.01,168.67
2018-11-04 23:59:59,164.35,169.43
2018-11-05 23:59:59,166.42,169.21
2018-11-06 23:59:59,167.78,169.06
2018-11-07 23:59:59,167.24,168.9
2018-11-08 23:59:59,167.45,168.06
2018-11-09 23:59:59,167.8,165.32
2018-11-10 23:59:59,167.66,166.51
2018-11-11 23:59:59,167.51,167.3
2018-11-12 23:59:59,167.91,167.28
2018-11-13 23:59:59,167.96,167.91
2018-11-14 23:59:59,167.24,167.9
2018-11-15 23:59:59,166.4,168.87
2018-11-16 23:59:59,166.16,167.76
2018-11-17 23:59:59,167.53,167.64
2018-11-18 23:59:59,167.57,167.7
2018-11-19 23:59:59,168.04,166.64
2018-11-20 23:59:59,168.41,166.97
2018-11-21 23:59:59,168.03,166.15
2018-11-22 23:59:59,168.87,167.01
2018-11-23 23:59:59,169.47,166.85
2018-11-24 23:59:59,168.59,167.7
2018-11-25 23:59:59,169.08,167.62
2018-11-26 23:59:59,168.4,166.95
2018-11-27 23:59:59,168.23,166.5
2018-11-28 23:59:59,168.67,166.18
2018-11-29 23:59:59,169.43,166.94
2018-11-30 23:59:59,169.21,167.3
2018-12-01 23:59:59,169.06,166.85
2018-12-02 23:59:59,168.9,167.01
2018-12-03 23:59:59,168.06,167.41
2018-12-04 23:59:59,165.32,166.29
2018-12-05 23:59:59,166.51,166.11
2018-12-06 23:59:59,167.3,166.25
2018-12-07 23:59:59,167.28,166.37
2018-12-08 23:59:59,167.91,165.98
2018-12-09 23:59:59,167.9,163.53
2018-12-10 23:59:59,168.87,162.21
2018-12-11 23:59:59,167.76,162.74
2018-12-12 23:59:59,167.64,164.68
2018-12-13 23:59:59,167.7,164.34
2018-12-14 23:59:59,166.64,165.14
2018-12-15 23:59:59,166.97,165.35
2018-12-16 23:59:59,166.15,165.34
2018-12-17 23:59:59,167.01,165.53
2018-12-18 23:59:59,166.85,165.05
2018-12-19 23:59:59,167.7,165.24
2018-12-20 23:59:59,167.62,165.18
2018-12-21 23:59:59,166.95,165.21
2018-12-22 23:59:59,166.5,165.96
2018-12-23 23:59:59,166.18,166.95
2018-12-24 23:59:59,166.94,165.35
2018-12-25 23:59:59,167.3,165.41
2018-12-26 23:59:59,166.85,164.22
2018-12-27 23:59:59,167.01,164.74
2018-12-28 23:59:59,167.41,163.93
2018-12-29 23:59:59,166.29,165.15
2018-12-30 23:59:59,166.11,164.89
2018-12-31 23:59:59,166.25,164.67
2019-01-01 23:59:59,166.37,164.67
2019-01-02 23:59:59,165.98,164.36
2019-01-03 23:59:59,163.53,165.21
2019-01-04 23:59:59,162.21,166.44
2019-01-05 23:59:59,162.74,174.32
2019-01-06 23:59:59,164.68,175.57
2019-01-07 23:59:59,164.34,176.15
2019-01-08 23:59:59,165.14,176.25
2019-01-09 23:59:59,165.35,174.97
2019-01-10 23:59:59,165.34,175.93
2019-01-11 23:59:59,165.53,176.04
2019-01-12 23:59:59,165.05,176.26
2019-01-13 23:59:59,165.24,176.45
2019-01-14 23:59:59,165.18,174.78
2019-01-15 23:59:59,165.21,176.1
2019-01-16 23:59:59,165.96,174.03
2019-01-17 23:59:59,166.95,176.68
2019-01-18 23:59:59,165.35,176.46
2019-01-19 23:59:59,165.41,174.75
2019-01-20 23:59:59,164.22,174.77
2019-01-21 23:59:59,164.74,173.31
2019-01-22 23:59:59,163.93,174.61
2019-01-23 23:59:59,165.15,173.88
2019-01-24 23:59:59,164.89,174.94
2019-01-25 23:59:59,164.67,176.85
2019-01-26 23:59:59,164.67,174.01
2019-01-27 23:59:59,164.36,170.98
2019-01-28 23:59:59,165.21,168.15
2019-01-29 23:59:59,166.44,169.73
2019-01-30 23:59:59,174.32,169.49
2019-01-31 23:59:59,175.57,168.06
2019-02-01 23:59:59,176.15,167.9
2019-02-02 23:59:59,176.25,167.88
2019-02-03 23:59:59,174.97,167.66
2019-02-04 23:59:59,175.93,168.52
2019-02-05 23:59:59,176.04,171.76
2019-02-06 23:59:59,176.26,170.83
2019-02-07 23:59:59,176.45,172.46
2019-02-08 23:59:59,174.78,173.07
2019-02-09 23:59:59,176.1,170.23
2019-02-10 23:59:59,174.03,171.75
2019-02-11 23:59:59,176.68,170.87
2019-02-12 23:59:59,176.46,169.45
2019-02-13 23:59:59,174.75,169.07
2019-02-14 23:59:59,174.77,172.01
2019-02-15 23:59:59,173.31,169.55
2019-02-16 23:59:59,174.61,169.49
2019-02-17 23:59:59,173.88,168.22
2019-02-18 23:59:59,174.94,166.33
2019-02-19 23:59:59,176.85,168.27
2019-02-20 23:59:59,174.01,168.19
2019-02-21 23:59:59,170.98,169.96
2019-02-22 23:59:59,168.15,170.41
2019-02-23 23:59:59,169.73,171.75
2019-02-24 23:59:59,169.49,170.89
2019-02-25 23:59:59,168.06,170.61
2019-02-26 23:59:59,167.9,167.86
2019-02-27 23:59:59,167.88,169.76
2019-02-28 23:59:59,167.66,166.22
2019-03-01 23:59:59,168.52,164.86
2019-03-02 23:59:59,171.76,165.71
2019-03-03 23:59:59,170.83,164.59
2019-03-04 23:59:59,172.46,163.39
2019-03-05 23:59:59,173.07,164.04
2019-03-06 23:59:59,170.23,164.15
2019-03-07 23:59:59,171.75,163.8
2019-03-08 23:59:59,170.87,164.96
2019-03-09 23:59:59,169.45,163.1
2019-03-10 23:59:59,169.07,163.4
2019-03-11 23:59:59,172.01,163.0
2019-03-12 23:59:59,169.55,161.4
2019-03-13 23:59:59,169.49,162.45
2019-03-14 23:59:59,168.22,161.58
2019-03-15 23:59:59,166.33,161.48
2019-03-16 23:59:59,168.27,162.91
2019-03-17 23:59:59,168.19,163.62
2019-03-18 23:59:59,169.96,162.48
2019-03-19 23:59:59,170.41,161.07
2019-03-20 23:59:59,171.75,160.73
2019-03-21 23:59:59,170.89,160.59
2019-03-22 23:59:59,170.61,161.99
2019-03-23 23:59:59,167.86,161.88
2019-03-24 23:59:59,169.76,160.4
2019-03-25 23:59:59,166.22,159.77
2019-03-26 23:59:59,164.86,160.2
2019-03-27 23:59:59,165.71,160.36
2019-03-28 23:59:59,164.59,163.73
2019-03-29 23:59:59,163.39,166.1
2019-03-30 23:59:59,164.04,166.66
2019-03-31 23:59:59,164.15,165.28
2019-04-01 23:59:59,163.8,165.98
2019-04-02 23:59:59,164.96,164.45
2019-04-03 23:59:59,163.1,163.51
2019-04-04 23:59:59,163.4,164.44
2019-04-05 23:59:59,163.0,164.21
2019-04-06 23:59:59,161.4,162.66
2019-04-07 23:59:59,162.45,166.02
2019-04-08 23:59:59,161.58,167.66
2019-04-09 23:59:59,161.48,165.49
2019-04-10 23:59:59,162.91,164.32
2019-04-11 23:59:59,163.62,167.14
2019-04-12 23:59:59,162.48,164.85
2019-04-13 23:59:59,161.07,161.72
2019-04-14 23:59:59,160.73,161.27
2019-04-15 23:59:59,160.59,162.68
2019-04-16 23:59:59,161.99,160.78
2019-04-17 23:59:59,161.88,160.19
2019-04-18 23:59:59,160.4,162.78
2019-04-19 23:59:59,159.77,166.7
2019-04-20 23:59:59,160.2,167.23
2019-04-21 23:59:59,160.36,169.53
2019-04-22 23:59:59,163.73,165.83
2019-04-23 23:59:59,166.1,164.05
2019-04-24 23:59:59,166.66,163.67
2019-04-25 23:59:59,165.28,163.75
2019-04-26 23:59:59,165.98,165.42
2019-04-27 23:59:59,164.45,165.59
2019-04-28 23:59:59,163.51,164.44
2019-04-29 23:59:59,164.44,159.45
2019-04-30 23:59:59,164.21,156.21
2019-05-01 23:59:59,162.66,156.19
2019-05-02 23:59:59,166.02,154.06
2019-05-03 23:59:59,167.66,150.95
2019-05-04 23:59:59,165.49,151.38
2019-05-05 23:59:59,164.32,150.26
2019-05-06 23:59:59,167.14,149.6
2019-05-07 23:59:59,164.85,149.25
2019-05-08 23:59:59,161.72,149.15
2019-05-09 23:59:59,161.27,148.79
2019-05-10 23:59:59,162.68,148.28
2019-05-11 23:59:59,160.78,149.36
2019-05-12 23:59:59,160.19,149.24
2019-05-13 23:59:59,162.78,146.94
2019-05-14 23:59:59,166.7,147.23
2019-05-15 23:59:59,167.23,145.57
2019-05-16 23:59:59,169.53,143.78
2019-05-17 23:59:59,165.83,144.04
2019-05-18 23:59:59,164.05,144.08
2019-05-19 23:59:59,163.67,144.35
2019-05-20 23:59:59,163.75,143.4
2019-05-21 23:59:59,165.42,143.02
2019-05-22 23:59:59,165.59,143.0
2019-05-23 23:59:59,164.44,143.0
2019-05-24 23:59:59,159.45,142.79
2019-05-25 23:59:59,156.21,142.78
2019-05-26 23:59:59,156.19,142.83
2019-05-27 23:59:59,154.06,142.94
2019-05-28 23:59:59,150.95,142.67
2019-05-29 23:59:59,151.38,143.48
2019-05-30 23:59:59,150.26,143.17
2019-05-31 23:59:59,149.6,143.33
2019-06-01 23:59:59,149.25,143.01
2019-06-02 23:59:59,149.15,142.49
2019-06-03 23:59:59,148.79,143.26
2019-06-04 23:59:59,148.28,143.71
2019-06-05 23:59:59,149.36,143.55
2019-06-06 23:59:59,149.24,142.66
2019-06-07 23:59:59,146.94,145.28
2019-06-08 23:59:59,147.23,145.05
2019-06-09 23:59:59,145.57,146.57
2019-06-10 23:59:59,143.78,145.46
2019-06-11 23:59:59,144.04,144.36
2019-06-12 23:59:59,144.08,144.66
2019-06-13 23:59:59,144.35,144.39
2019-06-14 23:59:59,143.4,144.72
2019-06-15 23:59:59,143.02,144.46
2019-06-16 23:59:59,143.0,143.95
2019-06-17 23:59:59,143.0,144.83
2019-06-18 23:59:59,142.79,143.92
2019-06-19 23:59:59,142.78,144.85
2019-06-20 23:59:59,142.83,144.06
2019-06-21 23:59:59,142.94,143.54
2019-06-22 23:59:59,142.67,143.63
2019-06-23 23:59:59,143.48,144.22
2019-06-24 23:59:59,143.17,145.06
2019-06-25 23:59:59,143.33,144.7
2019-06-26 23:59:59,143.01,144.45
2019-06-27 23:59:59,142.49,144.07
2019-06-28 23:59:59,143.26,143.63
2019-06-29 23:59:59,143.71,143.86
2019-06-30 23:59:59,143.55,143.86
2019-07-01 23:59:59,142.66,143.15
2019-07-02 23:59:59,145.28,143.35
2019-07-03 23:59:59,145.05,142.59
2019-07-04 23:59:59,146.57,143.18
2019-07-05 23:59:59,145.46,143.94
2019-07-06 23:59:59,144.36,145.74
2019-07-07 23:59:59,144.66,146.73
2019-07-08 23:59:59,144.39,146.36
2019-07-09 23:59:59,144.72,147.25
2019-07-10 23:59:59,144.46,146.61
2019-07-11 23:59:59,143.95,143.39
2019-07-12 23:59:59,144.83,142.41
2019-07-13 23:59:59,143.92,143.44
2019-07-14 23:59:59,144.85,142.55
2019-07-15 23:59:59,144.06,142.59
2019-07-16 23:59:59,143.54,143.04
2019-07-17 23:59:59,143.63,143.8
2019-07-18 23:59:59,144.22,142.86
2019-07-19 23:59:59,145.06,142.99
2019-07-20 23:59:59,144.7,142.59
2019-07-21 23:59:59,144.45,142.91
2019-07-22 23:59:59,144.07,143.43
2019-07-23 23:59:59,143.63,143.79
2019-07-24 23:59:59,143.86,143.92
2019-07-25 23:59:59,143.86,144.14
2019-07-26 23:59:59,143.15,143.72
2019-07-27 23:59:59,143.35,144.75
2019-07-28 23:59:59,142.59,142.98
2019-07-29 23:59:59,143.18,142.99
2019-07-30 23:59:59,143.94,143.5
2019-07-31 23:59:59,145.74,143.51
2019-08-01 23:59:59,146.73,142.74
2019-08-02 23:59:59,146.36,141.7
2019-08-03 23:59:59,147.25,140.98
2019-08-04 23:59:59,146.61,142.72
2019-08-05 23:59:59,143.39,139.99
2019-08-06 23:59:59,142.41,138.91
2019-08-07 23:59:59,143.44,139.45
2019-08-08 23:59:59,142.55,138.33
2019-08-09 23:59:59,142.59,136.29
2019-08-10 23:59:59,143.04,136.01
2019-08-11 23:59:59,143.8,135.83
2019-08-12 23:59:59,142.86,136.21
2019-08-13 23:59:59,142.99,136.49
2019-08-14 23:59:59,142.59,135.53
2019-08-15 23:59:59,142.91,136.36
2019-08-16 23:59:59,143.43,136.56
2019-08-17 23:59:59,143.79,136.52
2019-08-18 23:59:59,143.92,137.13
2019-08-19 23:59:59,144.14,137.76
2019-08-20 23:59:59,143.72,137.76
2019-08-21 23:59:59,144.75,137.53
2019-08-22 23:59:59,142.98,137.31
2019-08-23 23:59:59,142.99,138.07
2019-08-24 23:59:59,143.5,137.4
2019-08-25 23:59:59,143.51,135.91
2019-08-26 23:59:59,142.74,135.9
2019-08-27 23:59:59,141.7,136.2
2019-08-28 23:59:59,140.98,138.05
2019-08-29 23:59:59,142.72,137.62
2019-08-30 23:59:59,139.99,138.33
2019-08-31 23:59:59,138.91,138.44
2019-09-01 23:59:59,139.45,138.39
2019-09-02 23:59:59,138.33,138.67
2019-09-03 23:59:59,136.29,138.28
2019-09-04 23:59:59,136.01,139.39
2019-09-05 23:59:59,135.83,139.74
2019-09-06 23:59:59,136.21,139.49
2019-09-07 23:59:59,136.49,139.12
2019-09-08 23:59:59,135.53,140.0
2019-09-09 23:59:59,136.36,139.81
2019-09-10 23:59:59,136.56,140.26
2019-09-11 23:59:59,136.52,140.62
2019-09-12 23:59:59,137.13,139.93
2019-09-13 23:59:59,137.76,141.12
2019-09-14 23:59:59,137.76,139.94
2019-09-15 23:59:59,137.53,139.04
2019-09-16 23:59:59,137.31,139.19
2019-09-17 23:59:59,138.07,138.0
2019-09-18 23:59:59,137.4,139.26
2019-09-19 23:59:59,135.91,138.85
2019-09-20 23:59:59,135.9,138.67
2019-09-21 23:59:59,136.2,141.37
2019-09-22 23:59:59,138.05,141.98
2019-09-23 23:59:59,137.62,143.31
2019-09-24 23:59:59,138.33,142.48
2019-09-25 23:59:59,138.44,143.84
2019-09-26 23:59:59,138.39,143.92
2019-09-27 23:59:59,138.67,143.47
2019-09-28 23:59:59,138.28,144.08
2019-09-29 23:59:59,139.39,143.81
2019-09-30 23:59:59,139.74,145.14
2019-10-01 23:59:59,139.49,144.86
2019-10-02 23:59:59,139.12,145.12
2019-10-03 23:59:59,140.0,144.77
2019-10-04 23:59:59,139.81,144.67
2019-10-05 23:59:59,140.26,145.78
2019-10-06 23:59:59,140.62,147.73
2019-10-07 23:59:59,139.93,143.13
2019-10-08 23:59:59,141.12,142.19
2019-10-09 23:59:59,139.94,142.55
2019-10-10 23:59:59,139.04,144.91
2019-10-11 23:59:59,139.19,143.39
2019-10-12 23:59:59,138.0,142.65
2019-10-13 23:59:59,139.26,142.77
2019-10-14 23:59:59,138.85,141.85
2019-10-15 23:59:59,138.67,139.51
2019-10-16 23:59:59,141.37,141.16
2019-10-17 23:59:59,141.98,141.13
2019-10-18 23:59:59,143.31,141.28
2019-10-19 23:59:59,142.48,142.85
2019-10-20 23:59:59,143.84,143.03
2019-10-21 23:59:59,143.92,142.93
2019-10-22 23:59:59,143.47,142.97
2019-10-23 23:59:59,144.08,142.67
2019-10-24 23:59:59,143.81,142.84
2019-10-25 23:59:59,145.14,143.12
2019-10-26 23:59:59,144.86,142.33
2019-10-27 23:59:59,145.12,143.65
2019-10-28 23:59:59,144.77,143.88
2019-10-29 23:59:59,144.67,144.02
2019-10-30 23:59:59,145.78,143.32
2019-10-31 23:59:59,147.73,144.12
2019-11-01 23:59:59,143.13,143.17
2019-11-02 23:59:59,142.19,141.76
2019-11-03 23:59:59,142.55,142.23
2019-11-04 23:59:59,144.91,141.52
2019-11-05 23:59:59,143.39,140.91
2019-11-06 23:59:59,142.65,141.64
2019-11-07 23:59:59,142.77,140.73
2019-11-08 23:59:59,141.85,140.09
2019-11-09 23:59:59,139.51,141.2
2019-11-10 23:59:59,141.16,139.99
2019-11-11 23:59:59,141.13,142.27
2019-11-12 23:59:59,141.28,141.35
2019-11-13 23:59:59,142.85,142.03
2019-11-14 23:59:59,143.03,140.58
2019-11-15 23:59:59,142.93,140.34
2019-11-16 23:59:59,142.97,138.97
2019-11-17 23:59:59,142.67,138.95
2019-11-18 23:59:59,142.84,139.12
2019-11-19 23:59:59,143.12,139.19
2019-11-20 23:59:59,142.33,139.38
2019-11-21 23:59:59,143.65,139.21
2019-11-22 23:59:59,143.88,137.18
2019-11-23 23:59:59,144.02,135.49
2019-11-24 23:59:59,143.32,135.39
2019-11-25 23:59:59,144.12,134.95
2019-11-26 23:59:59,143.17,135.66
2019-11-27 23:59:59,141.76,137.92
2019-11-28 23:59:59,142.23,137.87
2019-11-29 23:59:59,141.52,137.79
2019-11-30 23:59:59,140.91,138.11
2019-12-01 23:59:59,141.64,136.98
2019-12-02 23:59:59,140.73,136.57
2019-12-03 23:59:59,140.09,135.72
2019-12-04 23:59:59,141.2,135.7
2019-12-05 23:59:59,139.99,136.02
2019-12-06 23:59:59,142.27,135.29
2019-12-07 23:59:59,141.35,134.97
2019-12-08 23:59:59,142.03,135.28
2019-12-09 23:59:59,140.58,135.31
2019-12-10 23:59:59,140.34,136.25
2019-12-11 23:59:59,138.97,136.16
2019-12-12 23:59:59,138.95,136.12
2019-12-13 23:59:59,139.12,135.84
2019-12-14 23:59:59,139.19,136.06
2019-12-15 23:59:59,139.38,135.41
2019-12-16 23:59:59,139.21,135.74
2019-12-17 23:59:59,137.18,134.86
2019-12-18 23:59:59,135.49,134.14
2019-12-19 23:59:59,135.39,134.44
2019-12-20 23:59:59,134.95,134.36
2019-12-21 23:59:59,135.66,134.1
2019-12-22 23:59:59,137.92,133.83
2019-12-23 23:59:59,137.87,133.47
2019-12-24 23:59:59,137.79,134.55
2019-12-25 23:59:59,138.11,133.12
2019-12-26 23:59:59,136.98,133.35
2019-12-27 23:59:59,136.57,133.14
2019-12-28 23:59:59,135.72,133.0
2019-12-29 23:59:59,135.7,132.71
2019-12-30 23:59:59,136.02,133.66
2019-12-31 23:59:59,135.29,133.37
2020-01-01 23:59:59,134.97,133.97
2020-01-02 23:59:59,135.28,133.42
2020-01-03 23:59:59,135.31,133.83
2020-01-04 23:59:59,136.25,133.89
2020-01-05 23:59:59,136.16,133.64
2020-01-06 23:59:59,136.12,133.85
2020-01-07 23:59:59,135.84,133.36
2020-01-08 23:59:59,136.06,133.11
2020-01-09 23:59:59,135.41,133.04
2020-01-10 23:59:59,135.74,133.61
2020-01-11 23:59:59,134.86,133.94
2020-01-12 23:59:59,134.14,133.12
2020-01-13 23:59:59,134.44,132.25
2020-01-14 23:59:59,134.36,134.36
2020-01-15 23:59:59,134.1,132.19
2020-01-16 23:59:59,133.83,133.83
2020-01-17 23:59:59,133.47,133.47
2020-01-18 23:59:59,134.55,140.53
2020-01-19 23:59:59,133.12,118.68
2020-01-20 23:59:59,133.35,133.35
2020-01-21 23:59:59,133.14,131.64
2020-01-22 23:59:59,133.0,133.0
2020-01-23 23:59:59,132.71,132.71
2020-01-24 23:59:59,133.66,133.66
2020-01-25 23:59:59,133.37,133.37
2020-01-26 23:59:59,133.97,133.97
2020-01-27 23:59:59,133.42,133.42
2020-01-28 23:59:59,133.83,133.83
2020-01-29 23:59:59,133.89,135.35
2020-01-30 23:59:59,133.64,133.64
2020-01-31 23:59:59,133.85,133.85
2020-02-01 23:59:59,133.36,133.36
2020-02-02 23:59:59,133.11,133.11
2020-02-03 23:59:59,133.04,133.04
2020-02-04 23:59:59,133.61,132.58
2020-02-05 23:59:59,133.94,133.94
2020-02-06 23:59:59,133.12,130.8166666666667
2020-02-07 23:59:59,132.25,132.25
